Id,Name,IsFemale,Culture,Born,Died,Spouse
1,,,Braavosi,,,
2,Walder,false,,,,
3,,,,,,
4,,,Braavosi,,,
5,,,,,,
6,,,Braavosi,,,
7,,,,,,
8,,,,,,
9,,,,,,
10,,,Braavosi,,,
11,,,Braavosi,In 263 AC or 264 AC,,
12,Balon Greyjoy,false,,,"""299 AC",
13,Chayle,false,,,"""In 299 AC",
14,Gillam,false,,,,
15,High Septon,false,,,,
16,Margaery Tyrell,true,Westeros,"""In 283 AC"," at Highgarden""",
17,Melicent,true,,,,
18,Meribald,false,,"""In 247 AC or 248 AC"," at the riverlands""",
19,Moelle,true,,,,
20,Mordane,true,,,"""In 298 AC",
21,Nysterica,true,,,,
22,Ollidor,false,,,,
23,Osmynd,false,,,,
24,Raynard,false,,,,
25,Scolera,true,,,,
26,Torbert,false,,,,
27,Tywin Lannister,false,,In 242 AC,"""In 300 AC",
28,Unella,true,,,,
29,Abelar Hightower,false,,,,
30,Addam Frey,false,,,,
31,Addam Marbrand,false,,,,
32,Addam Osgrey,false,,In 183 AC or 184 AC,"""In 196 AC",
33,Addam Velaryon,false,Valyrian,"""In 114 AC"," at Hull""",
34,Addison Hill,false,,At Cornfield,,
35,Aegon Blackfyre,false,Valyrian,In 184 AC,"""In 196 AC",
36,Aegon Frey,false,,In 249 AC (roughly),"""In 299 AC",
37,Aegon Frey,false,,In or between 253 AC and 272 AC,,
38,Aegon I,false,,"""27 BC"," at Dragonstone""",59
39,Aegon II,false,,"""107 AC"," at King's Landing""",1076
40,Aegon III,false,Valyrian,"""120 AC"," at Dragonstone""",269
41,Aegon IV,false,,"""135 AC"," at King's Landing""",
42,Aegon Targaryen,false,Valyrian,"""In 281 AC or 282 AC"," at Dragonstone""",
43,Aegon Targaryen,false,Valyrian,In 26 AC,"""In 43 AC",
44,Aegon Targaryen,false,Valyrian,,,
45,Aegon Targaryen,false,Valyrian,In or between 50 AC and 59 AC,,
46,Aegon V,false,,"""200 AC"," at King's Landing""",695
47,Aegor Rivers,false,,In 172 AC,"""In 241 AC",
48,Aelinor Penrose,true,Valyrian,,,61
49,Aemma Arryn,true,,In 82 AC,In 105 AC,1076
50,Aemon Blackfyre,false,Valyrian,In 184 AC,"""In 196 AC",
51,Aemon Costayne,false,,,,
52,Aemon Estermont,false,Stormlands,,,
53,Aemon Rivers,false,,,,
54,Aemon Targaryen,false,Valyrian,"""In 198 AC"," at King's Landing"""," off the coast of Dorne"
55,Aemond Targaryen,false,Valyrian,In 110 AC,"""In 130 AC",
56,Aenys Frey,false,,In or between 240 AC and 247 AC,"""In 300 AC",
57,Aenys I,false,,"""7 AC"," at Dragonstone""",38
58,Aerion Targaryen,false,Valyrian,In or between 191 AC and 194 AC,In 232 AC,272
59,Aerion Targaryen,false,Valyrian,At Dragonstone,At Dragonstone,1070
60,Aeron Greyjoy,false,Ironborn,"""In or between 269 AC and 273 AC"," at Pyke""",
61,Aerys I,false,,"""or between 172 AC and 176 AC"," at King's Landing""",709
62,Aerys II,false,,"""244 AC"," at King's Landing""",527
63,Aglantine,true,,,,
64,Aladale Wynch,false,Ironborn,,"""In 300 AC",
65,Alan,false,,In Age of Heroes,,
66,Alannys Harlaw,true,Ironborn,,,12
67,Albar Royce,false,,,,
68,Alekyne Florent,false,,,,
69,Alerie Hightower,true,,"""In or between 257 AC and 263 AC"," at Oldtown""",
70,Alesander Frey,false,,In or between 265 AC and 281 AC,,
71,Alesander Staedmon,false,,,,
72,Alester Florent,false,,At Brightwater Keep,"""In 300 AC",
73,Alester Norcross,false,,In 290 AC or 291 AC,,
74,Alester Oakheart,false,,,At Prince's Pass,
75,Alester Tyrell,false,Andal,,,
76,Alicent Hightower,true,,In 88 AC,In 133 AC,1076
77,Alla Tyrell,true,,In or around 286 AC (roughly),,
78,Allar Deem,false,,,"""In 299 AC",
79,Alliser Thorne,false,,In 248 AC (roughly),,
80,Allyria Dayne,true,,,,
81,Alyce Graceford,true,,,,
82,Alyn Ambrose,false,,,,
83,Alyn Cockshaw,false,,,"""In 211 AC",
84,Alyn Connington,false,,,,
85,Alyn Estermont,false,Stormlands,,,
86,Alyn Frey,false,,In 295 AC or 296 AC,,
87,Alyn Haigh,false,,In or between 256 AC or 291 AC,,
88,Alyn Hunt,false,,,,
89,Alyn Stackspear,false,,,,
90,Alyn Tarbeck,false,,,"""In 43 AC",
91,Alyn Velaryon,false,Valyrian,"""In 115 AC or later"," at Hull"," at sea"""
92,Alys Arryn,true,,In or between 218 AC and 249 AC,,373
93,Alys Arryn,true,,,,868
94,Alys Beesbury,true,,,,624
95,Alys Frey,true,,,,535
96,Alys Karstark,true,Northmen,"""In 284 AC or 285 AC"," at Karhold""",
97,Alys Karstark,true,Northmen,,,207
98,Alys Karstark,true,Northmen,,,143
99,Alysane Mormont,true,Northmen,In or between ~273 AC and 278 AC,,
100,Alysanne Bulwer,true,,In 291 AC,,
101,Alysanne Farman,true,,,,422
102,Alysanne Hightower,true,,,,141
103,Alysanne Lefford,true,,,,
104,Alysanne Osgrey,true,,In 188 AC or 189 AC,"""In 209 AC",
105,Alysanne Targaryen,true,,36 AC,99 AC or 100 AC,526
106,Alysanne Tarth,true,,,,
107,Alyssa Arryn,true,,,,
108,Alyssa Blackwood,true,,In 253 AC or before,In or between 269 AC and 278 AC,1093
109,Alyssa Targaryen,true,Valyrian,In or between 51 AC and 60 AC,,157
110,Alyssa Velaryon,true,Valyrian,In 7 AC,,57
111,Alyx Frey,true,,In 282 AC,,
112,Amarei Crakehall,true,,In 245 AC or before,In 264 AC,1093
113,Ambrose Butterwell,false,,In 160 AC or 161 AC,,2054
114,Amerei Frey,true,,In 282 AC,,1799
115,Amory Lorch,false,,,"""In 299 AC",
116,Andar Royce,false,Valemen,At Runestone,,
117,Anders Yronwood,false,,,,
118,Andrew Estermont,false,,,,
119,Andrey Charlton,false,,,"""In 299 AC",
120,Andros Brax,false,,,"""In 298 AC",
121,Androw Ashford,false,Reach,At Ashford,,
122,Androw Frey,false,,In 295 AC or 296 AC,,
123,Annara Farring,true,,,,1093
124,Antario Jast,false,,,,616
125,Anya Waynwood,true,,,,
126,Archibald Yronwood,false,,,,
127,Ardrian Celtigar,false,,In 229 AC or later,,
128,Argella Durrandon,true,,,,797
129,Argilac Durrandon,false,,,"""2 BC",
130,Arianne Martell,true,Dornish,"""In 276 AC"," at Sunspear""",
131,Arianne Tarth,true,,,,
132,Arlan of Pennytree,false,,"""In or between 149 AC and 153 AC"," at Pennytree""",
133,Armond Caswell,false,,,,
134,Arnolf Karstark,false,Northmen,At Karhold,,
135,Aron Santagar,false,Dornish,,"""In 299 AC",
136,Arra Norrey,true,Northern mountain clans,,,259
137,Arrec Durrandon,false,,,,
138,Arron Qorgyle,false,,,,
139,Arstan Selmy,false,Westeros,,,
140,Arthor Karstark,false,Northmen,,,
141,Arthur Ambrose,false,,,,102
142,Arthur Dayne,false,,,"""In 283 AC",
143,Artos Stark,false,Northmen,,,98
144,Artys I Arryn,false,Andal,""""," at Giant's Lance""",
145,Arwood Frey,false,,In or between 263 AC and 281 AC,,948
146,Arwyn Frey,true,,In 285 AC,,
147,Arwyn Oakheart,true,,,,
148,Arya Stark,true,Northmen,"""In 289 AC"," at Winterfell""",
149,Arys Oakheart,false,Reach,At Old Oak,"""In 300 AC",
150,Asha Greyjoy,true,Ironborn,"""In 275 AC or 276 AC"," at Pyke""",
151,Ashara Dayne,true,,,"""In 283 AC",
152,Aubrey Ambrose,false,,,,
153,Axell Florent,false,,,,
154,Baela Targaryen,true,Valyrian,"""In 116 AC"," at Pentos""",
155,Baelon Targaryen,false,Valyrian,At Dragonstone,,
156,Baelon Targaryen,false,Valyrian,"""In 105 AC"," at King's Landing""",
157,Baelon Targaryen,false,Valyrian,In or between 53 AC and 64 AC,In 101 AC,109
158,Baelor Blacktyde,false,Ironborn,,"""In 300 AC",
159,Baelor Hightower,false,,At Oldtown,,880
160,Baelor I,false,,"""144 AC"," at King's Landing""",40
161,Baelor Targaryen,false,,In 170 AC,"""In 209 AC",
162,Balman Byrch,false,,,"""In 300 AC",
163,Balon Botley,false,Ironborn,,,
164,Balon Swann,false,Stormlands,,,
165,Barba Bracken,true,,In 155 AC,,
166,Barbrey Dustin,true,Northmen,,,1110
167,Barre,false,,,,
168,Barristan Selmy,false,Westeros,In 237 AC,,
169,Barth,false,,,In 99 AC,
170,Barthogan Stark,false,Northmen,,,
171,Bass,false,,,,
172,Bayard Norcross,false,,,,
173,Bellena Hawick,true,,,,501
174,Ben Bushy,false,,,"""In 299 AC",
175,Ben Plumm,false,,,,
176,Benedar Belmore,false,,,,
177,Benedict Broom,false,,,,
178,Benedict I Justman,false,Rivermen,,,
179,Benfred Tallhart,false,Northmen,In After 281 AC,"""In 299 AC",
180,Benfrey Frey,false,,In or between 271 AC and 279 AC,"""In 299 AC",
181,Benjen Stark,false,Northmen,"""In 267 AC or later"," at Winterfell""",
182,Benjen Stark,false,Northmen,,,
183,Benjen Stark,false,Northmen,,,
184,Bennard Brune,false,,,,
185,Bennarion Botley,false,Ironborn,,,
186,Bennis,false,,,,
187,Beony Beesbury,true,,,,854
188,Beren Tallhart,false,Northmen,In 289 AC,,
189,Berena Hornwood,true,Northmen,,,625
190,Beric Dondarrion,false,,"""In 276 AC or 277 AC"," at Blackhaven""",
191,Beron Blacktyde,false,,,,
192,Beron Stark,false,Northmen,,,648
193,Bertram Beesbury,false,,,,
194,Beth Cassel,true,Northmen,"""In about 289 AC"," at Winterfell""",
195,Betha Blackwood,true,,At Raventree Hall,,46
196,Bethany Bolton,true,Northmen,,,933
197,Bethany Bracken,true,,In 156 AC or later,In 178 AC,
198,Bethany Redwyne,true,,,,731
199,Bethany Rosby,true,,In 265 AC or before,In or between 282 AC and 284 AC,1093
200,Bonifer Hasty,false,,,,
201,Boremund Harlaw,false,Ironborn,,,
202,Boros Blount,false,,,,
203,Bowen Marsh,false,,,,
204,Bradamar Frey,false,,In 289 AC,,
205,Brandon Norrey,false,Northern mountain clans,,,
206,Brandon Stark,false,Northmen,"""In 262 AC"," at Winterfell""",
207,Brandon Stark,false,Northmen,,,97
208,Brandon Stark,false,Northmen,"""In 290 AC"," at Winterfell""",
209,Brandon Stark,false,First Men,,,
210,Brandon Stark,false,Northmen,,,
211,Brandon Stark,false,Northmen,,,
212,Brandon Stark,false,Northmen,,,
213,Brandon Stark,false,Northmen,,,
214,Brandon Tallhart,false,Northmen,In 284 AC or 285 AC,,
215,Branston Cuy,false,,,,
216,Brienne of Tarth,true,,In 280 AC,,
217,Bronn,false,,In or between 264 AC and 268 AC,,638
218,Bryan Fossoway,false,,,"""In 299 AC",
219,Bryan Frey,false,,In or between 281 AC and 291 AC,,
220,Bryce Caron,false,,,"""In 299 AC",
221,Bryen Caron,false,,,In 289 AC,
222,Bryen Farring,false,,,"""In 300 AC",
223,Brynden Tully,false,Rivermen,In or between 242 AC and 245 AC,,
224,Buford Bulwer,false,,,,
225,Burton Crakehall,false,,,"""In 299 AC",
226,Calla Blackfyre,true,Valyrian,,,47
227,Carellen Smallwood,true,,,,
228,Carolei Waynwood,true,,,,417
229,Casper Wylde,false,,,,
230,Cassana Estermont,true,,,"""In 278 AC",
231,Cassella Vaith,true,Dornish,,,
232,Catelyn Stark,true,Rivermen,"""In 264 AC"," at Riverrun""",
233,Cedric Payne,false,,,"""In 298 AC",
234,Cedrik Storm,false,,,,
235,Cerenna Lannister,true,,,,
236,Cerissa Brax,true,,,,283
237,Cersei Frey,true,,In 292 AC or 293 AC,,
238,Cersei Lannister,true,Westerman,"""In 266 AC"," at Casterly Rock""",
239,Ceryse Hightower,true,,In 2 AC,"""In 45 AC",
240,Clarence Charlton,false,,,,
241,Clarence Crabb,false,,,,
242,Clarent Crakehall,false,,At Crakehall,"""In 130 AC",
243,Clayton Suggs,false,,,,
244,Clement Crabb,false,,,,
245,Clement Piper,false,Rivermen,,,
246,Cletus Yronwood,false,,,"""In 300 AC",
247,Cley Cerwyn,false,Northmen,"""In 284 AC or 285 AC"," at Cerwyn""",
248,Cleyton Caswell,false,,,,
249,Colen of Greenpools,false,,,,
250,Colin Florent,false,,,,
251,Colmar Frey,false,,In 288 AC,,
252,Corenna Swann,true,,,,994
253,Corlys Velaryon,false,Valyrian,In 53 AC,In 132 AC,875
254,Cortnay Penrose,false,,At Parchments,"""In 299 AC",
255,Corwyn Corbray,false,,,"""In 134 AC",
256,Corwyn Corbray,false,Andal,,,
257,Crake,false,,In Age of Heroes,,
258,Cregan Karstark,false,Northmen,"""In 249 AC (roughly)"," at Karhold""",
259,Cregan Stark,false,Northmen,,In or after 157 AC,136
260,Creighton Longbough,false,,In or between 240 AC and 249 AC,,
261,Creighton Redfort,false,Valemen,,,
262,Cynthea Frey,true,,In 290 AC,,
263,Cyrenna Swann,true,,In 236 AC or before,In or between 249 AC and 257 AC,1093
264,Dacey Mormont,true,Northmen,In or between 252 AC or 277 AC,"""In 299 AC",
265,Daella Targaryen,true,Valyrian,In or between 54 AC and 66 AC,In 82 AC,1884
266,Daella Targaryen,true,Valyrian,In 199 AC,,
267,Daemon Blackfyre,false,Valyrian,"""In 170 AC"," at King's Landing""",
268,Daemon II Blackfyre,false,,In 188 AC or 189 AC,In or between 211 AC and 219 AC,
269,Daemon Targaryen,false,Valyrian,In 81 AC,"""In 130 AC",
270,Daena Targaryen,true,Valyrian,"""In 145 AC"," at King's Landing""",1302
271,Daenerys Targaryen,true,,In 172 AC,,719
272,Daenora Targaryen,true,Valyrian,,,58
273,Daeron I,false,,"""143 AC"," at King's Landing""",40
274,Daeron II,false,,"""153 AC"," at King's Landing""",41
275,Daeron Targaryen,false,,In 114 AC,"""In 130 AC",
276,Daeron Targaryen,false,,In 190 AC or 191 AC,In or between 221 AC and 233 AC,1589
277,Daeron Vaith,false,Dornish,,,
278,Dagon Greyjoy,false,Ironborn,,,
279,Dagos Manwoody,false,,,,
280,Dalbridge,false,,In 254 AC or before,"""In 299 AC",
281,Dale Drumm,false,,,,
282,Damion Lannister,false,,In or between 257 AC and 272 AC,,973
283,Damon Lannister,false,Westerman,,In 210 AC,236
284,Damon Lannister,false,,In 244 AC or 245 AC,,363
285,Damon Marbrand,false,,,,
286,Damon Paege,false,,,,
287,Damon Shett,false,,,,
288,Damon Vypren,false,,In 265 AC or later,,
289,Danelle Lothston,true,,,,
290,Danos Slynt,false,,,,
291,Danwell Frey,false,,In or between 252 AC and 261 AC,,1125
292,Darlessa Marbrand,true,,,,1049
293,Daryn Hornwood,false,Northmen,,"""In 298 AC",
294,Daven Lannister,false,Westerman,In 273 AC (roughly),,
295,Deana Hardyng,true,,,,1100
296,Delena Florent,true,,,,500
297,Della Frey,true,,In 296 AC,,
298,Delonne Allyrion,true,Dornish,,,
299,Dennis Plumm,false,,,,
300,Denys Arryn,false,,,"""In 283 AC",
301,Denys Darklyn,false,,,,967
302,Denys Drumm,false,Ironborn,,,
303,Denys Mallister,false,,"""In 245 AC or before"," at Seagard""",
304,Denys Redwyne,false,,,,
305,Denyse Hightower,true,,,,307
306,Desmond Grell,false,,In or between 237 AC and 240 AC (roughly),,
307,Desmond Redwyne,false,,,,305
308,Devan Seaworth,false,,In 287 AC,,
309,Deziel Dalt,false,,,,
310,Dick Follard,false,,,"""In 299 AC",
311,Dickon Frey,false,,In 294 AC,,
312,Dickon Manwoody,false,,,,
313,Dickon Tarly,false,,In or between 287 AC and 290 AC,,359
314,Domeric Bolton,false,,In or between 279 AC and 281 AC (roughly),In 297 AC,
315,Donal Noye,false,,In or between 244 AC and 252 AC,"""In 300 AC",
316,Donel Greyjoy,false,Ironborn,,,
317,Donella Hornwood,true,Northmen,In or before 249 AC,"""In 299 AC",
318,Donnel,false,,,,
319,Donnel Drumm,false,Ironborn,,,
320,Donnel Haigh,false,,In or between 255 AC and 282 AC,,
321,Donnel Locke,false,,,"""In 299 AC",
322,Donnel Swann,false,Stormlands,,,
323,Donnor Saltcliffe,false,Ironborn,,,
324,Donnor Stark,false,Northmen,,,
325,Dontos Hollard,false,,"""In or between 261 AC and 263 AC"," at near Duskendale""",
326,Doran Martell,false,Dornish,"""In 247 AC or 248 AC"," at Sunspear""",
327,Dorna Swyft,true,,,,605
328,Dorren Stark,false,Northmen,,,
329,Duncan,false,,"""In 191 AC"," 192 AC or 193 AC"," at Summerhall"""
330,Duncan Targaryen,false,,In or between 220 AC and 224 AC,"""In 259 AC",
331,Dunstan Drumm,false,Ironborn,"""In 212 AC or later"," at Old Wyk""",
332,Duram Bar Emmon,false,,In 284 AC,,
333,Durran,false,First Men,Age of Heroes,,1361
334,Dyanna Dayne,true,,,In or between 201 AC and 209 AC,695
335,Dykk Harlaw,false,,,"""In 299 AC",
336,Ebben,false,,,"""In 299 AC",
337,Eddara Tallhart,true,Northmen,In 289 AC or 290 AC,,
338,Eddard Karstark,false,Northmen,At Karhold,"""In 298 AC",
339,Eddard Stark,false,Northmen,"""In 263 AC"," at Winterfell""",
340,Edderion Stark,false,Northmen,,,
341,Eddison Tollet,false,Valemen,,,
342,Eden Risley,false,,,,
343,Edgerran Oakheart,false,,,,
344,Edmund Ambrose,false,,,,
345,Edmund Waxley,false,,,,
346,Edmure Tully,false,Rivermen,In or between 267 AC and 274 AC,,937
347,Edmyn Tully,false,Rivermen,,,
348,Edric Dayne,false,,"""In 287 AC"," at Starfall""",
349,Edrick Stark,false,Northmen,,,
350,Edwyd Fossoway,false,,,"""In 299 AC",
351,Edwyle Stark,false,Northmen,,,716
352,Edwyn Frey,false,,In or between 259 AC and 278 AC,,534
353,Edwyn Osgrey,false,,,"""In 196 AC",
354,Edwyn Stark,false,Northmen,,,
355,Eglantine,true,,,,
356,Elbert Arryn,false,,,"""In 282 AC",
357,Eldon Estermont,false,Stormlands,In or between 228 AC and 232 AC,,999
358,Eldred Codd,false,Ironborn,,,
359,Eleanor Mooton,true,,In 286 AC or 287 AC,,313
360,Eleyna Westerling,true,,"""In 287 AC"," at Crag""",
361,Elia Martell,true,,In 256 AC or 257 AC,"""In 283 AC",
362,Elinor Tyrell,true,,In 286 AC (roughly),,
363,Ella Lannister,true,,,,284
364,Ellaria Sand,true,Dornish,,,1770
365,Ellery Vance,false,,,,
366,Ellyn Ever Sweet,true,,,,
367,Ellyn Reyne,true,,At Castamere,"""In 261 AC",
368,Elmar Frey,false,,In 290 AC,,
369,Elwood Meadows,false,Reach,In 278 AC or 279 AC,,
370,Elyana Vypren,true,,In or between 264 AC and 282 AC,,587
371,Elyas Willum,false,,,,
372,Elyn Norridge,true,,,,665
373,Elys Waynwood,false,,,,92
374,Elys Westerling,false,,,,
375,Emberlei Frey,true,,In 296 AC or 297 AC,,
376,Emmon Cuy,false,,At Sunflower Hall,"""In 299 AC",
377,Emmon Frey,false,,In 237 AC or 238 AC,,415
378,Emphyria Vance,true,,,,
379,Endrew Tarth,false,,,"""In 299 AC",
380,Eon Hunter,false,,In 220 AC or before (roughly),In +/- 300 AC,
381,Erena Glover,true,Northmen,In 297 AC or 298 AC,,
382,Ermesande Hayford,true,,In 298 AC,,1051
383,Erren Florent,false,,,,
384,Ethan Glover,false,Northmen,,"""In 283 AC",
385,Euron Greyjoy,false,Ironborn,or before 267 AC,,
386,Eustace,false,,,,
387,Eustace Hunter,false,,,,
388,Eustace Osgrey,false,,At Standfast,,1891
389,Eyron Stark,false,Northmen,,,
390,Ezzelyno,false,Braavosi,,,
391,Falena Stokeworth,true,,In 125 AC,,656
392,Falyse Stokeworth,true,,In 265 AC or before,"""In 300 AC"," King's Landing"""
393,Flement Brax,false,,,,765
394,Forley Prester,false,,,,
395,Foss the Archer,false,,,,
396,Frankyln Fowler,false,Dornish,,,
397,Galbart Glover,false,Northmen,At Deepwood Motte,,
398,Galladon Tarth,false,,"""In either 275 AC"," 276 AC or 277 AC""",
399,Galtry the Green,false,,,,
400,Gared,false,,In or between 231 AC and 246 AC,"""In 297 AC",
401,Garlan Tyrell,false,,"""In 277 AC"," at Highgarden""",
402,Garrett Paege,false,,,,
403,Garrison Prester,false,,,,
404,Garse Goodbrook,false,,,"""In the Twins",
405,Garth Greenfield,false,Westerman,,,
406,Garth Greyfeather,false,,,"""In 300 AC",
407,Garth Hightower,false,,At Oldtown,,
408,Garth Tyrell,false,,,,
409,Garth XII Gardener,false,,,,
410,Garth the Gardener,false,First Men,,,
411,Gawen Glover,false,Northmen,In 295 AC or 296 AC,,
412,Gawen Swann,false,,"""In 152 AC or before"," at Stonehelm""",
413,Gawen Westerling,false,Westerman,,,997
414,Gawen Wylde,false,,,"""In 283 AC",
415,Genna Lannister,true,,In 245 AC,,377
416,Gerald Gower,false,,,,
417,Geremy Frey,false,,In 263 AC,In or between 289 AC and 299 AC,228
418,Gerion Lannister,false,,In 255 AC,In circa 291 AC,
419,Germund Botley,false,Ironborn,,,
420,Gerold Grafton,false,,,,
421,Gerold Hightower,false,,,"""In 283 AC",
422,Gerold Lannister,false,Westerman,,In 244 AC,101
423,Gevin Harlaw,false,Ironborn,,"""In 299 AC",
424,Gilbert Farring,false,,,,
425,Gilbert of the Vines,false,,,,
426,Gilwood Hunter,false,,In or between 250 AC and 254 AC,,
427,Gladden Wylde,false,,,"""In 298 AC",
428,Glendon Flowers,false,,In 196 AC,,
429,Godric Borrell,false,Sistermen,At Sweetsister,,
430,Godry Farring,false,,,,
431,Gormon Peake,false,,,"""In 211 AC",
432,Gormond Drumm,false,Ironborn,,,
433,Gormond Goodbrother,false,Ironborn,In 282 AC or 283 AC,,
434,Gorold Goodbrother,false,Ironborn,,,
435,Gowen Baratheon,false,,,,1044
436,Gran Goodbrother,false,Ironborn,,,
437,Grance Morrigen,false,,,,
438,Grazdan mo Eraz,false,Ghiscari,At Yunkai,,
439,Grenn,false,Westeros,In 281 AC or 282 AC,,
440,Greydon Goodbrother,false,Ironborn,,,
441,Gulian Qorgyle,false,,,,
442,Gulian Swann,false,,In 259 AC or before,,
443,Guncer Sunglass,false,,At Sweetport Sound,"""In 299 AC",
444,Gunthor Hightower,false,,,,552
445,Guthor Grimm,false,,,,
446,Guyard Morrigen,false,,"""In or between 278 AC and 283 AC"," at Crows Nest""",
447,Gwayne Corbray,false,,,,
448,Gwayne Gaunt,false,,,At Duskendale,
449,Gwayne Hightower,false,,In or between 88 AC and 96 AC,"""In 130 AC",
450,Gwin Goodbrother,true,Ironborn,,,
451,Gwynesse Harlaw,true,Ironborn,,,
452,Gwyneth Yronwood,true,Dornish,In 287 AC or 288 AC,,
453,Gylbert Farwynd,false,Ironborn,,,
454,Gyles,false,,,,
455,Gyles Farwynd,false,Ironborn,,,
456,Gyles Grafton,false,,,,
457,Gyles III Gardener,false,,,,
458,Gyles Rosby,false,,,"""In 300 AC",
459,Gysella Goodbrother,true,Ironborn,,,
460,Halleck Hoare,false,,,,
461,Hallis Mollen,false,Northmen,,,
462,Halmon Paege,false,,,,
463,Halys Hornwood,false,Northmen,,"""In 298 AC",
464,Harbert Paege,false,,,,
465,Harlan Grandison,false,,,"""In 281 AC",
466,Harlan Hunter,false,,,,
467,Harlen Tyrell,false,Reach,,"""In 5 AC",
468,Harlon Botley,false,Ironborn,,,
469,Harlon Greyjoy,false,Ironborn,,At Pyke,
470,Harmen Uller,false,,,,
471,Harmond Umber,false,Northmen,,,
472,Harrag Hoare,false,Ironborn,,,
473,Harras Harlaw,false,Ironborn,,,
474,Harren Botley,false,Ironborn,,"""In 299 AC",
475,Harren Hoare,false,Ironborn,,"""2 BC",
476,Harrion Karstark,false,Northmen,At Karhold,,
477,Harrold Hardyng,false,Valemen,In 281 AC or 282 AC,,
478,Harrold Osgrey,false,,,At the Redgrass Field,
479,Harrold Westerling,false,Westerman,,In 112 AC,
480,Harry Strickland,false,,,,
481,Harwin Strong,false,,In 90 AC or before,"""In 120 AC",
482,Harwood Fell,false,,,"""In 300 AC",
483,Harwood Stout,false,Northmen,,,
484,Harwyn Hoare,false,,,,
485,Harwyn Plumm,false,,,,
486,Harys Haigh,false,,In or between 254 AC and 282 AC,,
487,Harys Swyft,false,,,,
488,Helaena Targaryen,true,,In 109 AC,"""In 130 AC",
489,Helicent Uffering,true,,In 171 AC (roughly),,
490,Helman Tallhart,false,Northmen,At Torrhen's Square,"""In 299 AC",
491,Herbert Bolling,false,,,,
492,Herrock Kenning,false,Ironborn,,,
493,Hilmar Drumm,false,Ironborn,,,
494,Hoare,false,,,,
495,Hoarfrost Umber,false,Northmen,,,
496,Hobber Redwyne,false,Reach,At the Arbor,,
497,Hooded Man,false,,In Age of Heroes,,
498,Horas Redwyne,false,Reach,At the Arbor,,
499,Horton Redfort,false,Valemen,,,
500,Hosman Norcross,false,,,,296
501,Hosteen Frey,false,,In or between 250 AC and 258 AC,,173
502,Hoster Frey,false,,In 287 AC,,
503,Hoster Tully,false,Rivermen,In or between 237 AC and 240 AC,"""In 299 AC",
504,Hother Umber,false,Northmen,"""In 241 AC or before"," at Last Hearth""",
505,Hotho Harlaw,false,Ironborn,,,
506,Howland Reed,false,Crannogmen,"""In or between 260 AC and 265 AC"," at Greywater Watch""",
507,Hubard Rambton,false,,,"""In 299 AC",
508,Hugh,false,Valemen,,"""In 298 AC",
509,Hugh Beesbury,false,,,,
510,Hugh Grandison,false,,,,
511,Hugo Vance,false,,,,
512,Hugo Wull,false,Northern mountain clans,,,
513,Humfrey Beesbury,false,,,"""In 209 AC",
514,Humfrey Hardyng,false,,,"""In 209 AC",
515,Humfrey Hewett,false,,,,
516,Humfrey Swyft,false,,,,
517,Humfrey Wagstaff,false,,"""In 230 AC"," 231 AC or 232 AC""",
518,Hyle Hunt,false,,,,
519,Igon Vyrwel,false,,,,
520,Illifer,false,,In 240 AC or before,,
521,Ilyn Payne,false,Westeros,,,
522,Imry Florent,false,,,"""In 299 AC",
523,Jacelyn Bywater,false,,,"""In 299 AC",
524,Jack Bulwer,false,,,"""In 300 AC",
525,Jack Musgood,false,Stormlands,,,
526,Jaehaerys I,false,,"""34 AC"," at King's Landing""",57
527,Jaehaerys II,false,,"""225 AC"," at King's Landing""",46
528,Jaime Frey,false,,In 299 AC or 300 AC,,
529,Jaime Lannister,false,Westerlands,"""In 266 AC"," at Casterly Rock""",
530,Jammos Frey,false,,In 266 AC or 267 AC,,952
531,Janei Lannister,true,,In 296 AC or 297 AC,,
532,Janna Tyrell,true,,,,577
533,Janos Slynt,false,,"""In or between 278 AC and 260 AC"," at King's Landing""",
534,Janyce Hunter,true,,,,352
535,Jared Frey,false,,At 248 AC or 249 AC,In 300 AC (suspected),95
536,Jaremy Rykker,false,,,"""In 298 AC",
537,Jarman Buckwell,false,,,In 300 AC (supposedly),
538,Jason Lannister,false,,,"""In 130 AC",
539,Jason Mallister,false,,At Seagard,,
540,Jasper Arryn,false,,,,
541,Jasper Redfort,false,Valemen,,,
542,Jasper Waynwood,false,,,,
543,Jasper Wylde,false,,,"""In 130 AC",
544,Jeffory Mallister,false,,,At King's Landing,
545,Jeffory Norcross,false,,,,
546,Jena Dondarrion,true,,,,161
547,Jeor Mormont,false,Northmen,In 230 AC,"""In 299 AC",
548,Jeyne Arryn,true,Valemen,,"""In 134 AC",
549,Jeyne Beesbury,true,,,,866
550,Jeyne Darry,true,Westeros,,,1275
551,Jeyne Farman,true,,,,1403
552,Jeyne Fossoway,true,,,,444
553,Jeyne Goodbrook,true,,In 293 AC,,
554,Jeyne Lothston,true,,In 164 AC,,
555,Jeyne Lydden,true,,,,994
556,Jeyne Marbrand,true,,,In 255 AC,1057
557,Jeyne Poole,true,Northmen,At Winterfell,,849
558,Jeyne Royce,true,,,,572
559,Jeyne Swann,true,,,,
560,Jeyne Westerling,true,,In 27 AC or before,In 47 AC or 48 AC,90
561,Jeyne Westerling,true,Westerman,"""In 283 AC"," at the Crag""",
562,Joanna Lannister,true,Westerman,"""In or between 245 AC and 250 AC"," at Casterly Rock""",
563,Joanna Swyft,true,,,,
564,Jocelyn Swyft,true,,,,
565,Joffrey Baratheon,false,,"""286 AC"," at King's Landing"""," King's Landing"""
566,Joffrey Caswell,false,,In 190 AC or 191 AC,,
567,Joffrey Lonmouth,false,,In 99 AC or before,"""In 114 AC",
568,Johanna Lannister,true,,At the Crag,,538
569,Johanna Swann,true,,,,
570,John the Oak,false,,,,
571,Jojen Reed,false,Crannogmen,"""In 286 AC"," at Greywater Watch""",
572,Jon Arryn,false,Valemen,"""In or between 217 AC and 220 AC (roughly)"," at the Eyrie""",
573,Jon Bettley,false,,,,
574,Jon Brax,false,,In 296 AC,,
575,Jon Bulwer,false,,,,1073
576,Jon Connington,false,Stormlands,In or between 263 AC and 265 AC,,
577,Jon Fossoway,false,Reach,,,532
578,Jon Hollard,false,,,,
579,Jon Lynderly,false,,,,
580,Jon Myre,false,Ironborn,,,
581,Jon Penrose,false,,,,
582,Jon Redfort,false,Valemen,,,
583,Jon Snow,false,Northmen,In 283 AC,,
584,Jon Stark,false,,,,
585,Jon Umber,false,Northmen,At the Last Hearth,,
586,Jon Umber,false,Northmen,,"""In 299 AC",
587,Jon Wylde,false,,,,370
588,Jonelle Cerwyn,true,Northmen,"""In 267 AC"," at Cerwyn""",
589,Jonnel Stark,false,,,,911
590,Jonos Frey,false,,In 291 AC,,
591,Jonos Stark,false,Northmen,,,
592,Jonothor Darry,false,,,"""In 283 AC",
593,Jorah Stark,false,Northmen,,,
594,Jorelle Mormont,true,Northmen,In or between 278 AC and 289 AC,,
595,Jory Cassel,false,Northmen,At Winterfell,"""In 298 AC",
596,Joseth Mallister,false,,,,
597,Josmyn Peckledon,false,,In 284 AC or 285 AC,,
598,Josua Willum,false,,,,
599,Jothos Slynt,false,,,,
600,Joyeuse Erenford,true,,In 282 AC or 283 AC,,1093
601,Justin Massey,false,,,,
602,Jyanna Frey,true,,,,180
603,Karlon Stark,false,Northmen,,,
604,Karyl Vance,false,,At Wayfarer's Rest,,
605,Kevan Lannister,false,,In 244 AC,"""In 300 AC",
606,Kirth Vance,false,,,,
607,Kyle Condon,false,,,,
608,Kyle Royce,false,,,At King's Landing,
609,Kyra Frey,true,,In or between 262 AC and 277 AC,,404
610,Laena Velaryon,true,Valyrian,In 93 AC,"""In 120 AC",
611,Laenor Velaryon.,false,Valyrian,In 94 AC,"""In 120 AC",
612,Lambert Turnberry,false,,,,
613,Lancel Lannister,false,,In 282 AC,,114
614,Lancel V Lannister,false,,,,
615,Lann,false,,In Age of Heroes,,
616,Lanna Lannister,true,,In or between 271 AC and 286 AC,,124
617,Larence Snow,false,Northmen,In 286 AC,,
618,Larys Strong,false,,In 91 AC or before,,
619,Leana Frey,true,,In 299 AC or 300 AC,,
620,Lenwood Tawney,false,Ironborn,,,
621,Leo Blackbar,false,,,,783
622,Leo Lefford,false,,,"""In 299 AC",
623,Leo Tyrell,false,Reach,,,
624,Leo Tyrell,false,,,,94
625,Leobald Tallhart,false,Northmen,At Torrhen's Square,"""In 299 AC",
626,Leona Tyrell,true,,,,
627,Leona Woolfield,true,,,,1122
628,Leonella Lefford,true,,,,649
629,Leslyn Haigh,false,,,,819
630,Lester Morrigen,false,,,,
631,Lewyn Martell,false,Dornish,,"""In 283 AC",
632,Lewys Lydden,false,,,,
633,Lewys Piper,false,Rivermen,,,
634,Leyla Hightower,true,,,,1553
635,Leyton Hightower,false,,,,877
636,Lia Serry,true,,,,1019
637,Liane Vance,true,,,,
638,Lollys Stokeworth,true,,In 265 AC,,217
639,Lomas Estermont,false,Stormlands,,,
640,Loras Tyrell,false,Reach,"""In 282 AC"," at Highgarden""",
641,Lord Ashford,false,Reach,,,
642,Lord Caswell,false,,,,
643,Lord Staunton,false,,,"""In 129 AC",
644,Lorent Caswell,false,,,,
645,Lorent Lorch,false,,,,
646,Lorent Marbrand,false,Westerman,,"""In 130 AC",
647,Lorent Tyrell,false,,,,
648,Lorra Royce,true,,,,192
649,Lothar Frey,false,Rivermen,"""In 265 AC or 266 AC"," at Twins""",
650,Lothar Mallery,false,,,"""In 298 AC",
651,Lothor Brune,false,,,,
652,Lucamore Strong,false,,,,
653,Lucas Codd,false,Ironborn,,,
654,Lucas Corbray,false,,,,
655,Lucas Inchfield,false,,,"""In 211 AC",
656,Lucas Lothston,false,,,,391
657,Lucas Roote,false,,,"""In 299 AC",
658,Lucas Tyrell,false,,,,
659,Luceon Frey,false,,In or between 249 AC and 257 AC,,
660,Lucias Vypren,false,,,,690
661,Lucimore Botley,false,Ironborn,,,
662,Lucion Lannister,false,,In or between 270 AC and 285 AC,,
663,Lucos Chyttering,false,,In 283 AC,,
664,Luthor Tyrell,false,Reach,At Highgarden,,784
665,Luthor Tyrell,false,,,,372
666,Luthor Tyrell,false,,,,
667,Lyanna Mormont,true,Northmen,In 290 AC,,
668,Lyarra Stark,true,Northmen,,,887
669,Lyessa Flint,true,Northmen,,,
670,Lyle Crakehall,false,,At Crakehall,,
671,Lyman Beesbury,false,,In 48 AC or 49 AC,"""In 129 AC",
672,Lyman Darry,false,,In 290 AC or 291 AC,"""In 299 AC",
673,Lymond Goodbrook,false,,,,
674,Lymond Lychester,false,Rivermen,,,
675,Lymond Mallister,false,,,,
676,Lymond Vikary,false,,,,
677,Lyn Corbray,false,,At Heart's Home,,
678,Lynesse Hightower,true,,,,1560
679,Lyonel Baratheon,false,,,In or between 239 AC and 245 AC,
680,Lyonel Bentley,false,,,"""In 130 AC",
681,Lyonel Corbray,false,,"""In 260 AC (roughly)"," at Heart's Home""",
682,Lyonel Frey,false,,In or between 259 AC and 283 AC,,741
683,Lyonel Selmy,false,,,,
684,Lyonel Strong,false,,,"""In 120 AC",
685,Lyonel Tyrell,false,Reach,,"""In 159 AC or 160 AC",
686,Lyonel Tyrell,false,,,,
687,Lyra Mormont,true,Northmen,In or between 277 AC and 288 AC,,
688,Lysa Arryn,true,,"""In 266 AC or 267 AC"," at Riverrun""",
689,Lysa Meadows,true,,,,785
690,Lythene Frey,true,,In 251 AC and 259 AC,,660
691,Mace Tyrell,false,,In After 256 AC,,69
692,Maege Mormont,true,Northmen,In or between 239 AC and 257 AC,,
693,Maegelle Frey,true,,In or between 249 AC and 266 AC,,1305
694,Maegor I,false,,12 AC,"""48 AC",2071
695,Maekar I,false,,"""or between 174 AC and 178 AC"," at King's Landing""",274
696,Maelor Targaryen,false,,"""In 127 AC"," at King's Landing""",
697,Maelys I Blackfyre,false,Valyrian,,"""In 260 AC",
698,Maldon Massey,false,First Men,,,
699,Mallador Locke,false,,,"""In 299 AC",
700,Malwyn Frey,false,,In 284 AC,,
701,Mandon Moore,false,Valemen,,"""In 299 AC",
702,Manfred Dondarrion,false,,,,
703,Manfred Lothston,false,,,,
704,Manfred Swann,false,,,,
705,Manfrey Martell,false,Dornish,,,
706,Manfryd Lothston,false,,,,
707,Manfryd Yew,false,,,,
708,Margot Lannister,true,,,,1027
709,Mariah Martell,true,Dornish,,,274
710,Maric Seaworth,false,,,"""In 299 AC",
711,Marissa Frey,true,,In 286 AC,,
712,Mariya Darry,true,,,,751
713,Mark Mullendore,false,,,,
714,Mark Ryswell,false,Northmen,,"""In 283 AC",
715,Marlon Manderly,false,,At White Harbor,,
716,Marna Locke,true,Northmen,,,351
717,Maron Botley,false,,,,
718,Maron Greyjoy,false,Ironborn,In 275 AC or before,"""In 289 AC",
719,Maron Nymeros Martell,false,Dornish,,,271
720,Maron Volmark,false,Ironborn,In 283 AC or 284 AC,,
721,Marq Piper,false,Rivermen,At Pinkmaiden Castle,,
722,Marq Rankenfell,false,,,,
723,Marsella Waynwood,true,,,,994
724,Martyn Cassel,false,Northmen,,"""In 284 AC",
725,Martyn Lannister,false,,In or between 285 AC and 287 AC,,
726,Martyn Mullendore,false,,,,
727,Marwyn Belmore,false,,,,
728,Mary Mertyns,true,Westeros,,,
729,Matarys Targaryen,false,,In 184 AC or later,"""In 209 AC",
730,Mathis Frey,false,,In 294 AC,,
731,Mathis Rowan,false,Reach,,,198
732,Maynard Plumm,false,,,,
733,Medgar Tully,false,Rivermen,,In or between 209 AC and 211 AC,
734,Medger Cerwyn,false,Northmen,At Cerwyn,"""In 299 AC",
735,Meera Reed,true,Crannogmen,"""In 283 AC"," at Greywater Watch""",
736,Megga Tyrell,true,,In 286 AC (roughly),,
737,Melantha Blackwood,true,,,,1111
738,Melara Crane,true,,,,72
739,Melara Hetherspoon,true,,In 264 AC or 265 AC,In 276 AC,
740,Meldred Merlyn,false,Ironborn,,,
741,Melesa Crakehall,true,,,,682
742,Melessa Florent,true,,,,850
743,Melisandre,true,Asshai,At Unknown,,
744,Melissa Blackwood,true,,In or between 156 AC and 160 AC,,
745,Melwyn Sarsfield,false,,,,974
746,Meredyth Crane,true,,At Red Lake,,
747,Merianne Frey,true,,In 288 AC,,
748,Merlon Crakehall,false,,,,
749,Mern IX Gardener,false,,,"""",
750,Merrell Florent,false,,,,
751,Merrett Frey,false,Rivermen,In 262 AC,"""In 300 AC",
752,Meryn Trant,false,,,,
753,Michael Mertyns,false,,,,
754,Mina Tyrell,true,,,,815
755,Minisa Whent,true,Rivermen,,At Riverrun,503
756,Monford Velaryon,false,Valyrian,,"""In 299 AC",
757,Monterys Velaryon,false,,In 293 AC,,
758,Moqorro,false,,At Volantis,,
759,Morgil Hastwyck,false,,,,
760,Moribald Chester,false,,,,
761,Morros Slynt,false,,,,
762,Mors Manwoody,false,,,,
763,Mors Martell,false,,In 248 AC or 257 AC,In 248 AC or 258 AC,
764,Mors Umber,false,Northmen,"""In 235 AC or before"," at Last Hearth""",
765,Morya Frey,true,,In 268 AC or 269 AC,,393
766,Moryn Tyrell,false,,,,
767,Murmison,false,,,"""In 41 AC",
768,Mychel Redfort,false,Valemen,,,1133
769,Mylenda Caron,true,,In or between 258 AC and 265 AC,,824
770,Myles Manwoody,false,,,,
771,Myles Mooton,false,,,"""In 283 AC",
772,Myles Smallwood,false,,,,
773,Myranda Lefford,true,,,,984
774,Myranda Royce,true,,In 279 AC (roughly),,
775,Myrcella Baratheon,true,,"""In 290 AC"," at King's Landing""",
776,Myria Jordayne,true,,,,
777,Myriame Manderly,true,Northmen,,,918
778,Myrielle Lannister,true,,,,
779,Naerys Targaryen,true,Valyrian,"""In 138 AC"," at King's Landing""",
780,Norbert Vance,false,,,,
781,Nymella Toland,true,Dornish,,,
782,Nymeria,true,Rhoynar,,,1725
783,Olene Tyrell,true,,,,621
784,Olenna Redwyne,true,,"""In 228 AC"," at Arbor""",
785,Olymer Tyrell,false,,,,689
786,Olyvar Frey,false,,In 281 AC,,
787,Olyvar Oakheart,false,,,In 161 AC,
788,Ondrew Locke,false,Northmen,,,
789,Orbert Caswell,false,,,At Castle Black,
790,Orivel,false,,,,
791,Ormond Osgrey,false,,,,
792,Ormond Westerling,false,,,,
793,Ormond Yronwood,false,,,At Yronwood,
794,Ormund Baratheon,false,,,"""In 260 AC",
795,Ormund Wylde,false,,,,
796,Orton Merryweather,false,,,,1006
797,Orys Baratheon,false,,At Dragonstone (possibly),In 38 AC,128
798,Osbert Serry,false,,,,
799,Osfryd Kettleblack,false,,,,
800,Osmund Frey,false,,In 297 AC,,
801,Osmund Kettleblack,false,,,,
802,Osney Kettleblack,false,,,,
803,Ossifer Plumm,false,,,In 176 AC,1358
804,Oswell Kettleblack,false,,,,
805,Oswell Whent,false,Rivermen,,"""In 283 AC",
806,Othell Yarwyck,false,,,,
807,Otho Bracken,false,,,,
808,Otto Hightower,false,,,"""In 130 AC",
809,Ottyn Wythers,false,,In 230 AC (roughly),"""In 299 AC",
810,Owen Inchfield,false,,,,
811,Owen Norrey,false,Northern mountain clans,,"""In 299 AC",
812,Parmen Crane,false,,At Red Lake,,
813,Pate,false,First Men,,,
814,Patrek Mallister,false,,,,
815,Paxter Redwyne,false,,,,754
816,Pearse Caron,false,,,,
817,Perra Frey,true,,In 294 AC,,
818,Perra Royce,true,,In 221 AC or before,In or between 241 AC and 249 AC,1093
819,Perriane Frey,true,,In or between 241 AC and 248 AC,,629
820,Perwyn Frey,false,,In or between 270 AC and 278 AC,,
821,Perwyn Osgrey,false,,,,
822,Peter Plumm,false,,,,
823,Petyr Baelish,false,Valemen,"""In 268 AC"," at the Fingers""",
824,Petyr Frey,false,,"""In 281 AC"," at Twins""",
825,Philip Foote,false,,,,
826,Philip Plumm,false,,,,
827,Podrick Payne,false,,In 286 AC or 287 AC,,
828,Preston Greenfield,false,Westerman,,"""In 299 AC",
829,Pypar,false,,,,
830,Qarl Kenning,false,Ironborn,,,
831,Qarlton Chelsted,false,,,"""In 283 AC",
832,Qhorin,false,,,"""In 299 AC",
833,Qhorwyn Hoare,false,,,,
834,Qorgyle,false,,,"""In 288 AC",
835,Quellon Botley,false,Ironborn,,,
836,Quellon Greyjoy,false,Ironborn,,"""In 283 AC",
837,Quenten Banefort,false,,,,
838,Quentin Tyrell,false,,,At Ashford,
839,Quenton Greyjoy,false,Ironborn,,,
840,Quenton Hightower,false,,,At Oldtown,
841,Quenton Qoherys,false,,,,347
842,Quentyn Ball,false,,,At Near Redgrass Field,
843,Quentyn Blackwood,false,,,"""In 205 AC",
844,Quentyn Martell,false,Dornish,"""In 281 AC"," at Sunspear"," at Meereen"""
845,Quentyn Qorgyle,false,,,,
846,Ralf Kenning,false,Ironborn,,"""In 300 AC",
847,Ralf Stonehouse,false,Ironborn,,,
848,Ralph Buckler,false,,,,
849,Ramsay Snow,false,Northmen,In 282 AC or before,,317
850,Randyll Tarly,false,,,,742
851,Ravella Swann,true,,,,1020
852,Raymun Darry,false,,,"""In 298 AC",
853,Raymun Fossoway,false,,,,
854,Raymund Frey,false,,In 264 AC,,187
855,Raymund Tyrell,false,,,,
856,Raynald Westerling,false,,At Crag,"""In 299 AC (supposedly)",
857,Raynard Ruttiger,false,,,,
858,Red Alyn,false,,At the Rosewood,"""In 300 AC",
859,Redwyn,false,,,,
860,Regenard Estren,false,,,,
861,Renfred Rykker,false,,,,
862,Renly Baratheon,false,Stormlands,In 277 AC,"""In 299 AC",
863,Renly Norcross,false,,In 296 AC or 297 AC,,
864,Reynard Webber,false,,,,
865,Rhae Targaryen,true,Valyrian,In or between 201 AC and 209 AC,,
866,Rhaegar Frey,false,,In or between 269 AC and 273 AC,In 300 AC (suspected),549
867,Rhaegar Targaryen,false,Valyrian,"""In 259 AC"," at Summerhall""",
868,Rhaegel Targaryen,false,Valyrian,In or between 173 AC and 177 AC,In 215 AC,93
869,Rhaella Targaryen,true,Valyrian,"""In 245 AC or 246 AC"," at King's Landing""",
870,Rhaelle Targaryen,true,,In or between 229 AC and 233 AC,,794
871,Rhaena Targaryen,true,,"""In 116 AC"," at Pentos""",
872,Rhaena Targaryen,true,Valyrian,In 147 AC,,
873,Rhaena Targaryen,true,Valyrian,In 23 AC,,43
874,Rhaenyra Targaryen,true,Valyrian,In 97 AC,"""In 130 AC",
875,Rhaenys Targaryen,true,Valyrian,In 74 AC,"""In 129 AC",
876,Rhaenys Targaryen,true,,"""In 280 AC"," at Dragonstone""",
877,Rhea Florent,true,,,,635
878,Rhea Royce,true,,,"""In 115 AC",
879,Rhialta Vance,true,,,,
880,Rhonda Rowan,true,,,,159
881,Richard Horpe,false,,,,
882,Richard Lonmouth,false,,,,
883,Richard Morrigen,false,,,,
884,Rickard Karstark,false,Northmen,At Karhold,"""In 299 AC",
885,Rickard Ryswell,false,Northmen,,,
886,Rickard Stark,false,Northmen,,,
887,Rickard Stark,false,Northmen,"""In or between 230 AC and 249 AC"," at Winterfell""",
888,Rickard Thorne,false,,,"""In 130 AC",
889,Rickard Tyrell,false,,,,
890,Rickard Wylde,false,,In 295 AC,,
891,Rickon Stark,false,Northmen,"""In 295 AC"," at Winterfell""",
892,Robar Royce,false,Valemen,"""In 277 AC (roughly)"," at Runestone""",
893,Robb Reyne,false,,,,
894,Robert Arryn,false,Valemen,In 292 AC,,
895,Robert Ashford,false,Reach,At Ashford,,
896,Robert Brax,false,,,"""In 299 AC",
897,Robert Brax,false,,In 290 AC,,
898,Robert Flowers,false,,,,
899,Robert Frey,false,,In 286 AC,,
900,Robert Frey,false,,In 283 AC,,
901,Robert I Baratheon,false,,"""262 AC"," at Storm's End""",986
902,Robert Paege,false,,,,
903,Robett Glover,false,Northmen,At Deepwood Motte,,998
904,Robin Greyjoy,false,Ironborn,,At Pyke,
905,Robin Hill,false,,,,
906,Robin Hollard,false,,,,
907,Robin Moreland,false,,,,
908,Robin Peasebury,false,,,,
909,Robin Ryger,false,,In or between 237 AC and 240 AC (roughly),,
910,Robyn Rhysling,false,,,,
911,Robyn Ryswell,false,Northmen,,,589
912,Rodrik Cassel,false,Northmen,,"""In 299 AC",
913,Rodrik Greyjoy,false,Ironborn,In 274 AC or before,"""In 289 AC",
914,Rodrik Harlaw,false,Ironborn,,,
915,Rodrik Ryswell,false,Northmen,,,
916,Rodrik Stark,false,Northmen,,,
917,Rodrik Stark,false,Northmen,,,1175
918,Rodwell Stark,false,Northmen,,,777
919,Roelle,true,,,,
920,Rohanne,true,Tyroshi,,In or after 211 AC,267
921,Roland Crakehall,false,,,,
922,Roland Crakehall,false,,,,
923,Rollam Westerling,false,,"""In 290 AC"," at Crag""",
924,Rolland Darklyn,false,,,,
925,Rolland Storm,false,,,,
926,Rolland Uffering,false,,,,1891
927,Rolph Spicer,false,,,,
928,Ronald Connington,false,,,,
929,Ronald Vance,false,,,,
930,Ronnel Harclay,false,,,,
931,Ronnel Stout,false,Northmen,,,
932,Ronnet Connington,false,,In 274 AC,,
933,Roose Bolton,false,Northmen,"""In 260 AC or before"," at the Dreadfort""",
934,Roose Ryswell,false,Northmen,,,
935,Roryn Drumm,false,Ironborn,,,
936,Rosamund Lannister,true,,,,
937,Roslin Frey,true,Rivermen,In 282 AC or 283 AC,,346
938,Rossart,false,,,"""In 283 AC",
939,Royce Coldwater,false,,,,
940,Runcel Hightower,false,,,,
941,Rupert Brax,false,,,"""In 299 AC",
942,Rupert Crabb,false,,,,
943,Russell Merryweather,false,,"""In 293 AC or 294 AC"," at Longtable""",
944,Ryam Florent,false,,,,
945,Ryam Redwyne,false,,,"""In 105 AC",
946,Rycherd Crane,false,,,,949
947,Ryella Frey,true,,In 294 AC,,
948,Ryella Royce,true,,,,145
949,Rylene Florent,true,,,,946
950,Ryman Frey,false,,"""In 246 AC"," 247 AC or 248 AC""",
951,Saera Targaryen,true,Valyrian,In or between 61 AC and 82 AC,,
952,Sallei Paege,true,,,,530
953,Samwell Spicer,false,,,,
954,Samwell Tarly,false,,,,
955,Sandor Clegane,false,,In 270 AC or 271 AC,In 300 AC (supposedly),
956,Sandor Frey,false,,In 287 AC,,
957,Sansa Stark,true,Northmen,"""In 286 AC"," at Winterfell""",
958,Sargon Botley,false,Ironborn,,,
959,Sarra Frey,true,,In 285 AC,,
960,Sarya Whent,true,,,,1093
961,Sawane Botley,false,Ironborn,,"""In 299 AC",
962,Sebastion Errol,false,,,,
963,Sebaston Farman,false,Westerman,,,
964,Sefton Staunton,false,,,,
965,Selmond Stackspear,false,,,,
966,Selwyn Tarth,false,,In 245 AC or 246 AC,,
967,Serala of Myr,true,Myrish,In Myr,,301
968,Serra Frey,true,,In 285 AC,,
969,Serwyn,false,,,,
970,Shadrich,false,,,,
971,Shaera Targaryen,true,Valyrian,In 226 AC,In or after 259AC,527
972,Shella Whent,true,Rivermen,,In +/- 300 AC,1099
973,Shiera Crakehall,true,,,,282
974,Shierle Swyft,true,,,,745
975,Shireen Baratheon,true,,"""In 289 AC"," at Dragonstone""",
976,Shirei Frey,true,,In 292 AC or 293 AC,,
977,Shyra Errol,true,,,,
978,Sigfry Stonetree,false,Ironborn,,,
979,Sigfryd Harlaw,false,Ironborn,,,
980,Sigorn,false,Thenn,At Thenn,,96
981,Simon Leygood,false,,,,
982,Simon Staunton,false,,,,1891
983,Simon Toyne,false,,,"""In 281 AC",
984,Stafford Lannister,false,Westerman,In or between 246 AC and 253 AC,"""In 299 AC",
985,Steffarion Sparr,false,Ironborn,,,
986,Steffon Baratheon,false,,"""In 246 AC"," at Shipbreaker Bay""",
987,Steffon Darklyn,false,,,"""In 129 AC",
988,Steffon Fossoway,false,,,,
989,Steffon Frey,false,,In or between 263 AC and 280 AC,,
990,Steffon Hollard,false,,,,
991,Steffon Stackspear,false,,,,
992,Steffon Swyft,false,,,,
993,Steffon Varner,false,,,,
994,Stevron Frey,false,,"""In 233 AC or 234 AC"," at Twins""",
995,Stonesnake,false,,In or between 250 AC and 253 AC,,
996,Sumner Crakehall,false,,,,
997,Sybell Spicer,true,,,,413
998,Sybelle Glover,true,Northmen,,,903
999,Sylva Santagar,true,Dornish,"""In 276 AC or 277 AC"," at Spottswood""",
1000,Sylwa Paege,true,,,,1107
1001,Symon Hollard,false,,,At Duskendale,
1002,Symon Santagar,false,,,,
1003,Symond Botley,false,Ironborn,,,
1004,Symond Frey,false,,"""In or between 252 AC and 260 AC"," at the Twins""",
1005,Symond Templeton,false,,,,
1006,Taena of Myr,true,Myrish,In 276 AC (roughly),,796
1007,Talbert Serry,false,,,"""In 300 AC",
1008,Talla Tarly,true,,,,
1009,Tallad,false,,,,
1010,Tanda Stokeworth,true,,At Stokeworth,"""In 300 AC",
1011,Tanton Fossoway,false,,,,
1012,Terrance Lynderly,false,,,,
1013,Terrence Kenning,false,,,,
1014,Terrence Toyne,false,,,In 178 AC,
1015,The Sparr,true,Ironborn,,,
1016,The Stonehouse,true,Ironborn,,,
1017,Theo Wull,false,Northern mountain clans,,"""In 283 AC",
1018,Theodan Wells,false,Northmen,,,
1019,Theodore Tyrell,false,,,,636
1020,Theomar Smallwood,false,,,,851
1021,Theomore Harlaw,false,,,,
1022,Theon Greyjoy,false,Ironborn,"""In 278 AC or 279 AC"," at Pyke""",
1023,Theon Stark,false,Northmen,,,
1024,Thoren Smallwood,false,,,"""In 299 AC",
1025,Tion Frey,false,,In or between 279 AC and 284 AC,"""In 299 AC",
1026,Tion Lannister,false,,In or between 211 AC and 219 AC,"""In 236 AC",
1027,Titus Peake,false,,,,708
1028,Tom Costayne,false,,,,
1029,Tommen Baratheon,false,,291 AC,,16
1030,Tommen Costayne,false,,,,
1031,Torren Liddle,false,Northern mountain clans,,,
1032,Torrence Teague,false,Rivermen,,,
1033,Torrhen Karstark,false,Northmen,At Karhold,"""In 298 AC",
1034,Torrhen Stark,false,Northmen,,,
1035,Trebor Jordayne,false,,,,
1036,Tremond Gargalen,false,Dornish,,,
1037,Tristan Mudd,false,,,,
1038,Tristan Ryger,false,,,,
1039,Tristifer Botley,false,Ironborn,At Lordsport,,
1040,Tristifer IV Mudd,false,,,,
1041,Tristifer V,false,,,,
1042,Triston Sunderland,false,,,,
1043,Trystane Martell,false,Dornish,In 287 AC,,
1044,Tya Lannister,true,,,,435
1045,Tyana Wylde,true,,,,56
1046,Tybolt Crakehall,false,,,,
1047,Tybolt Hetherspoon,false,,,,
1048,Tybolt Lannister,false,Westerman,,In 212 AC,1989
1049,Tygett Lannister,false,,In 250 AC,In or after 285 AC,292
1050,Tyland Lannister,false,,,In 133 AC,
1051,Tyrek Lannister,false,,In 286 AC,"""In 299 AC (allegedly)",
1052,Tyrion Lannister,false,,"""In 273 AC"," at Casterly Rock""",
1053,Tysane Frey,true,,In 292 AC,,
1054,Tyta Frey,true,,In 269 AC or 270 AC,,
1055,Tytos Brax,false,,,,
1056,Tytos Frey,false,,In or between 261 AC and 272 AC,"""In 299 AC",
1057,Tytos Lannister,false,,In 220 AC,"""In 267 AC",
1058,Tywin Frey,false,,In 287 AC or 288 AC,,
1059,Tywin Frey,false,,In 299 AC or 300 AC,,
1060,Ulrick Dayne,false,Dornish,,,
1061,Ulwyck Uller,false,,,,
1062,Urrigon Greyjoy,false,Ironborn,In 268 AC or 269 AC,At Pyke,
1063,Utherydes Wayn,false,,In or between 237 AC and 241 AC (roughly),,
1064,Uthor Tollett,false,Valemen,,,
1065,Uthor Underleaf,false,,"""In or around 181 AC"," 182 AC or 183 AC""",
1066,Vaemond Velaryon,false,Valyrian,,In 126 AC,
1067,Valarr Targaryen,false,Valyrian,In or between 183 AC and 193 AC,"""In 209 AC",
1068,Vardis Egen,false,Valemen,In or between 249 AC and 253 AC,"""In 298 AC",
1069,Vayon Poole,false,,,"""In 298 AC",
1070,Velaena Velaryon,true,Valyrian,,,59
1071,Vickon Botley,false,Ironborn,,,
1072,Vickon Greyjoy,false,,,In 33 AC,
1073,Victaria Tyrell,true,,,,575
1074,Victarion Greyjoy,false,Ironborn,"""In 268 AC or before"," at Pyke""",
1075,Victor Tyrell,false,,,,
1076,Viserys I,false,,"""77 AC"," at King's Landing""",157
1077,Viserys II,false,,"""122 AC"," at Dragonstone""",269
1078,Viserys Plumm,false,,In 176 AC or 177 AC,,
1079,Viserys Targaryen,false,Valyrian,"""In 276 AC"," at King's Landing""",
1080,Vortimer Crane,false,,,,
1081,Walda Frey,true,,In 290 AC or 291 AC,,
1082,Walda Frey,true,,In 294 AC or 295 AC,,
1083,Walda Frey,true,,In 280 AC or 281 AC,,
1084,Walda Frey,true,,In 283 AC or 284 AC,,933
1085,Walda Frey,true,,In 288 AC or 289 AC,,
1086,Walda Rivers,true,,In 294 AC or 295 AC,,
1087,Walda Rivers,true,,In 295 AC,,
1088,Walder Brax,false,,In 293 AC,,
1089,Walder Frey,false,,In 291 AC,,
1090,Walder Frey,false,Rivermen,In or between 260 AC and 280 AC,,
1091,Walder Frey,false,,"""In 291 AC"," at The Twins""",
1092,Walder Frey,false,,In 285 AC,,
1093,Walder Frey,false,Rivermen,In 208 AC,,818
1094,Walder Goodbrook,false,,In 290 AC,,
1095,Walder Haigh,false,,In 294 AC or 295 AC,,
1096,Walder Rivers,false,Rivermen,,,
1097,Waldon Wynch,false,Ironborn,,,
1098,Wallace Waynwood,false,,In or between 278 AC and 283 AC,,
1099,Walter Whent,false,Rivermen,,,972
1100,Walton Frey,false,,In or between 250 AC and 267 AC,,295
1101,Walton Stark,false,,,,
1102,Waltyr Frey,false,,In 289 AC,,
1103,Warryn Beesbury,false,,,,
1104,Waymar Royce,false,Valemen,"""In 278 AC or 279 AC"," at Runestone"""," Beyond the Wall"""
1105,Wendel Frey,false,,In 286 AC,,
1106,Wendel Manderly,false,,"""In or between 254 AC and 263 AC"," at White Harbor""",
1107,Whalen Frey,false,,In 267 AC or 268 AC,,1000
1108,Wilbert Osgrey,false,,,,
1109,Will,false,,,"""In 297 AC",
1110,Willam Dustin,false,Northmen,,"""In 283 AC",
1111,Willam Stark,false,Northmen,At Winterfell,"""In 226 AC",
1112,Willam Wythers,false,,,,
1113,Willas Tyrell,false,,In or between 270 AC and 276 AC,,
1114,Willem Darry,false,,,"""In 289 AC or 290 AC (roughly)",
1115,Willem Frey,false,,In 289 AC or 290 AC,,
1116,Willem Lannister,false,,In or between 285 AC and 287 AC,"""In 299 AC",
1117,Willem Wylde,false,,,,
1118,William Mooton,false,,,,
1119,Willis Fell,false,,,,
1120,Willis Wode,false,,,,
1121,Wyl Waynwood,false,,,"""In 196 AC",
1122,Wylis Manderly,false,,"""In or between 252 AC and 262 AC"," at White Harbor""",
1123,Wylla Manderly,true,,"""In 284 AC or 285 AC"," at White Harbor""",
1124,Wyman Manderly,false,,"""In or between 239 AC and 242 AC"," at White Harbour""",
1125,Wynafrei Whent,true,,,,291
1126,Wynafryd Manderly,true,,"""In 280 AC or 281 AC"," at White Harbor""",
1127,Wynton Stout,false,Northmen,In or before 219 AC,,
1128,Ygon Farwynd,false,,,,
1129,Ynys Yronwood,true,Dornish,,,1922
1130,Yohn Farwynd,false,Ironborn,,,
1131,Yohn Royce,false,Valemen,,,
1132,Yoren,false,Westeros,,"""In 299 AC",
1133,Ysilla Royce,true,Valemen,,,768
1134,Zachery Frey,false,,In 287 AC,,
1135,Zhoe Blanetree,true,,,,1056
1136,Zia Frey,true,,In 285 AC,,
1137,Monster,false,Free Folk,"""In 299 AC"," at Craster's Keep""",
1138,Addam,false,,,,
1139,Aethan,false,,,,
1140,Aethelmure,false,,,,
1141,Aggar,false,,,"""In 299 AC",
1142,Aggo,false,Dothraki,,,
1143,Agrivane,false,,,,
1144,Alan of Rosby,false,,,"""In 300 AC",
1145,Alaric of Eysen,false,,,,
1146,Alayaya,true,,"""In 282 AC or 283 AC"," at King's Landing""",
1147,Albett,false,,,,
1148,Alebelly,false,Northmen,,"""In 299 AC",
1149,Alequo Adarys,false,Tyroshi,,,
1150,Alesandor Torrent,false,,,,
1151,Alfyn,false,Free Folk,,In 299 AC,
1152,Alia of Braavos,true,,,,
1153,All-for-Joffrey,false,,,"""In 299 AC",
1154,Allaquo,false,Braavosi,,,
1155,Allard Seaworth,false,,,"""In 299 AC",
1156,Alvyn Sharp,false,Ironborn,,,
1157,Alyce,true,,,,
1158,Alyn,false,,,"""In 298 AC",
1159,Alyn,false,,,,
1160,Alysanne Bracken,true,,,,
1161,Amabel,true,,,,
1162,Ambrode,false,Ironborn,,,
1163,Andrey Dalt,false,Dornish,,,
1164,Andrik,false,Ironborn,,,
1165,Anguy,false,,At Dornish Marches,,
1166,Areo Hotah,false,Norvoshi,"""In 257 AC or before"," at Norvos""",
1167,Argrave the Defiant,false,,At Nunny,,
1168,Armen,false,,,,
1169,Armistead Vance,false,Andal,,,
1170,Arneld,false,,,,
1171,Arnell,false,,,,
1172,Arron,false,,At Fair Isle,,
1173,Arryk,false,,,,
1174,Arson,false,Free Folk,,,
1175,Arya Flint,true,Northern mountain clans,,,917
1176,Assadora,true,Ibbenese,At Ibben,,
1177,Aurane Waters,false,Valyrian,In 277 AC or 278 AC,,
1178,Ayrmidon,false,Valyrian,,,
1179,Azor Ahai,false,Asshai,,,1757
1180,Azzak,false,Ghiscari,At Meereen,,
1181,Bael,false,Free Folk,,,
1182,Baelish,false,Braavosi,,,
1183,Balaq,false,Summer Isles,,,
1184,Ballabar,false,,,,
1185,Bandy,false,Northmen,,,
1186,Bannen,false,,At or near White Harbor,"""In 299 AC",
1187,Barbara Bracken,true,,,,
1188,Barra,true,,"""In 298 AC"," at King's Landing""",
1189,Barsena,true,Ghiscari,In 270 AC (roughly),"""In 300 AC",
1190,Barth,false,,,,
1191,Bearded Ben,false,,,,
1192,Beardless Dick,false,,,,
1193,Becca,true,,,,
1194,Becca,true,,,At Riverlands,
1195,Beck,false,,In 299 AC,At Donnelwood,
1196,Bedwyck,false,,,,
1197,Belandra,true,,,,
1198,Belaquo,false,Ghiscari,,,
1199,Beldecar,false,,,,
1200,Belis,false,,,At King's Landing,
1201,Bella,true,,"""In 283 AC"," at Stoney Sept""",
1202,Bellegere Otherys,true,Braavosi,,,
1203,Bellegere Otherys,true,Braavosi,,,
1204,Bellonara Otherys,true,Braavosi,,,
1205,Belwas,false,Meereenese,,,
1206,Ben,false,,"""In 293 AC or 294 AC"," at the riverlands""",
1207,Ben,false,,,,
1208,Ben,false,,,,
1209,Benedict,false,,,,
1210,Bennet,false,,,,
1211,Beqqo,false,Braavosi,,,
1212,Bess Bracken,true,,,,
1213,Bessa,true,,,At Hag's Mire,
1214,Bessa,true,Northmen,,,
1215,Bethany,true,Braavosi,,,
1216,Bethany Fair-Fingers,true,,,,
1217,Betharios,true,,,,1004
1218,Bhakaz zo Loraq,false,Ghiscari,At Meereen,,
1219,Bharbo,false,Dothraki,,,
1220,Big Belly Ben,false,,,,
1221,Big Boil,false,Free Folk,,,
1222,Biter,false,,,"""In 300 AC",
1223,Black Bernarr,false,,,,
1224,Blane,false,,,,
1225,Bloodbeard,false,,,,
1226,Bluetooth,false,Ironborn,,,
1227,Bodger,false,Free Folk,,,
1228,Borcas,false,,,,
1229,Borroq,false,Free Folk,,,
1230,Bors,false,,,,
1231,Boy,false,,At 284 AC,,
1232,Brea,true,Braavosi,,,
1233,Brella,true,,,,
1234,Brenett,false,,,,
1235,Briar,false,Free Folk,,,
1236,Brogg,false,Free Folk,,,
1237,Brown Bernarr,false,,,"""In 299 AC",
1238,Brusco,false,Braavosi,,,
1239,Bryan of Oldtown,false,Reach,At Oldtown,,
1240,Bryen,false,,In or before 220 AC,,
1241,Brynden Blackwood,false,,,,
1242,Brynden Rivers,false,Valyrian,"""In 175 AC"," at King's Landing""",
1243,Bump,false,Free Folk,,,
1244,Butterbumps,false,,,,
1245,Buu,,,,,
1246,Byam Flint,false,,,"""In 299 AC",
1247,Byan Votyris,false,Norvoshi,,,
1248,Byren Flowers,false,,,,
1249,Byron,false,,,,
1250,Cadwyl,false,Ironborn,,,
1251,Cadwyn,false,,,,
1252,Cafferen,false,,,"""In 282 AC",
1253,Caleotte,false,,,,
1254,Calon,false,Northmen,,,
1255,Camarron,false,Ghiscari,,At Meereen,
1256,Carrot,false,,,,
1257,Cass,true,,,,
1258,Castos,false,,,,
1259,Catelyn Bracken,true,,,,
1260,Cayn,false,Northmen,,"""In 298 AC",
1261,Cedra,true,,,,
1262,Cellador,false,,,,
1263,Cerrick,false,Ironborn,,,
1264,Cetheres,false,,,,
1265,Chataya,true,Summer Isles,,,
1266,Chella daughter of Cheyk,true,Mountain clans,,,
1267,Chett,false,,At Hag's Mire,"""In 299 AC",
1268,Cheyk,true,,,,
1269,Chiggen,false,,,"""In 298 AC",
1270,Chiswyck,false,,,"""In 299 AC",
1271,Clarence Crabb,false,,,,
1272,Clegane,false,,,,
1273,Clement,false,,In 251 AC or 252 AC,,
1274,Cleon,false,Astapori,,"""In 300 AC",
1275,Cleos Frey,false,,"""In or between 258 AC and 275 AC"," at Casterly Rock""",
1276,Clifford Conklyn,false,,,,
1277,Clydas,false,,In 240 AC or before,,
1278,Cohollo,false,Dothraki,,"""In 298 AC",
1279,Coldhands,false,,,,
1280,Colemon,false,,,,
1281,Collio Quaynis,false,Tyroshi,,,
1282,Conn son of Coratt,false,,,"""In 298 AC",
1283,Conwy,false,,,,
1284,Coratt,false,,,,
1285,Corliss Penny,false,,,,
1286,Corlos,false,First Men,In Age of Heroes,,
1287,Cosgrove,false,,,,
1288,Cossomo,false,Braavosi,,,
1289,Cotter Pyke,false,Ironborn,,,
1290,Courteny Greenhill,false,,,,
1291,Craghas Drahar,false,Myrish,,In 108 AC,
1292,Cragorn,false,,,In 300 AC,
1293,Craster,false,Free Folk,,"""In 299 AC",
1294,Crawn son of Calor,false,Mountain clans,,,
1295,Cressen,false,,In 219 AC or 220 AC,"""In 299 AC",
1296,Cuger,false,,,,
1297,Cutjack,false,,,,
1298,Daario Naharis,false,Tyroshi,,,
1299,Dacks,false,,,,
1300,Daegon Shepherd,false,Ironborn,,,
1301,Daemon Sand,false,Dornish,In 275 or 276 AC,,
1302,Daenaera Velaryon,true,Valyrian,In 127 AC,,40
1303,Daenerys Targaryen,true,Valyrian,"""In 284 AC"," at Dragonstone""",
1304,Daeryssa,true,,,,
1305,Dafyn Vance,false,,,,693
1306,Dagmer,false,Ironborn,,,
1307,Dagon Ironmaker,false,Ironborn,,,
1308,Dake,false,,,At Coldmoat,
1309,Dake,false,,,,
1310,Dale Seaworth,false,,,"""In 299 AC",
1311,Dalla,true,Free Folk,,"""In 300 AC",
1312,Dalla,true,,,,
1313,Damon,false,,,,
1314,Dan,false,Free Folk,,,
1315,Dancy,true,,,,
1316,Danny Flint,false,Northmen,,,
1317,Dareon,false,,,"""In 300 AC",
1318,Darla Deddings,true,,,,
1319,Davos Seaworth,false,Westeros,"""In 260 AC or before"," at King's Landing""",
1320,Del,false,Free Folk,In 283 AC (roughly),"""In 299 AC",
1321,Delp,false,,,"""In 299 AC",
1322,Denestan,false,,,,
1323,Dennett,false,,,,
1324,Denyo Terys,false,Braavosi,In 287 AC or 288 AC,,
1325,Dermot,false,,,,
1326,Desmond,false,,,"""In 298 AC",
1327,Devyn,false,Free Folk,,,
1328,Dhazzar,true,Ghiscari,At Meereen,,
1329,Dick,false,,,"""In 300 AC",
1330,Dick Crabb,false,,,"""In 300 AC",
1331,Dirk,false,,,"""In 300 AC",
1332,Dobber,false,,,"""In 299 AC",
1333,Dolf son of Holger,false,,,,
1334,Donnel Hill,false,,,,
1335,Donnel Waynwood,false,,In 277 AC or 278 AC,,
1336,Donnis,false,Northmen,,,
1337,Donyse,true,,,,
1338,Dorcas,true,,,,
1339,Dorea Sand,true,Dornish,In 291 AC or 292 AC,,
1340,Doreah,true,Lysene,In 278 or 279 AC,"""In 299 AC",
1341,Dormund,false,Free Folk,,"""In 300 AC",
1342,Dornish Dilly,false,,,"""In 299 AC",
1343,Doss,false,Free Folk,,,
1344,Draqaz,false,Ghiscari,At Meereen,,
1345,Drennan,false,Ironborn,,"""In 299 AC",
1346,Drogo,false,Dothraki,In or around 267 AC,"""In 298 AC",
1347,Dryn,false,Free Folk,,,
1348,Dudley,false,,,,
1349,Dunaver,false,,,,
1350,Dunsen,false,,,,
1351,Dyah,true,Free Folk,,,1293
1352,Dywen,false,,,,
1353,Easy,false,,,"""In 300 AC",
1354,Ebrose,false,,,,
1355,Edric Storm,false,,In 287 AC,,
1356,Eggon,false,,,,
1357,Egon Emeros,false,Qartheen,,,
1358,Elaena Targaryen,true,Valyrian,In 150 AC,In or after 220 AC,803
1359,Elder Brother,false,,In 255 AC or 256 AC,,
1360,Eldiss,false,Ironborn,,,
1361,Elenei,true,,In Age of Heroes,,333
1362,Elia Sand,true,Dornish,In 285 AC or 286 AC,,
1363,Elron,false,,,,
1364,Elwood,false,,,"""In 299 AC",
1365,Elza,true,Meereenese,,"""In 294 AC",
1366,Emma,true,,In 260 AC or before,,
1367,Emmett,false,,,,
1368,Emmond,false,Ironborn,,,
1369,Emrick,false,,At Fair Isle,,
1370,Endehar,false,,,,
1371,Enger,false,,,,
1372,Erik Ironmaker,false,Ironborn,In 211 AC or 212 AC,,150
1373,Eroeh,true,Lhazareen,,"""In 298 AC",
1374,Erreck,false,,,,
1375,Erreg,false,Andal,,,
1376,Errok,false,Free Folk,,,
1377,Erryk,false,,,,
1378,Esgred,true,,,,
1379,Eustace,false,,,,
1380,Eustace Brune,false,,,,
1381,Ezzara,true,Ghiscari,At Meereen,,
1382,Falia Flowers,true,,"""In either 281 AC"," 282 AC or 283 AC""",
1383,Farlen,false,,,"""In 299 AC",
1384,Fern,true,,,,
1385,Ferny,true,Free Folk,,,1293
1386,Ferrego Antaryon,false,Braavosi,,,
1387,Ferret,false,,,,
1388,Florys the Fox,true,,,,
1389,Fogo,false,Dothraki,,"""In 298 AC",
1390,Fornio,false,,,,
1391,Fralegg,false,Ironborn,,,
1392,Franklyn Frey,false,,,,
1393,Frenken,false,,,,
1394,Frenya,true,Free Folk,,"""In 300 AC",
1395,Frynne,true,,,,
1396,Gage,false,,,,
1397,Galazza Galare,true,Ghiscari,"""In 217 AC (roughly)"," at Meereen""",
1398,Galladon of Morne,false,,,,
1399,Gallard,false,,,,
1400,Galt,false,Mountain clans,,,
1401,Galyeon of Cuy,false,,,,
1402,Gareth,false,,,,
1403,Gareth Clifton,false,,,,551
1404,Garigus,false,,,At King's Landing,
1405,Garin,false,Dornish,,,
1406,Garin,false,Rhoynar,,At Chroyane,
1407,Gariss,false,,,,
1408,Garizon,false,,,,
1409,Garrett Flowers,false,,,,
1410,Garse Flowers,false,,,,
1411,Garth Greenhand,false,First Men,,,
1412,Garth of Greenaway,false,,At Greenaway,"""In 300 AC",
1413,Garth of Oldtown,false,,,"""In 299 AC",
1414,Gascoyne,false,,,,
1415,Gavin,false,Free Folk,,,
1416,Gelmarr,false,,,"""In 299 AC",
1417,Gendel,false,Free Folk,,,
1418,Gendry,false,,"""In 284 AC"," at King's Landing""",
1419,Gerardys,false,,,In 130 AC,
1420,Gergen,false,,,,
1421,Gerold Dayne,false,Dornish,In or between 270 AC and 274 AC,,
1422,Gerren,false,,,,
1423,Gerrick,false,Free folk,,,
1424,Gerris Drinkwater,false,Dornish,In 275 AC,,
1425,Ghael,false,Astapori,,,
1426,Ghost of High Heart,true,,,,
1427,Gilly,true,Free Folk,"""In either 282 AC"," 283 AC or 284 AC",
1428,Glendon Hewett,false,,,,
1429,Goady,false,,,,
1430,Godwyn,false,,,,
1431,Goghor,false,Ghiscari,,,
1432,Goodwin,false,,,,
1433,Gorghan of Old Ghis,false,Ghiscari,,,
1434,Gormon Tyrell,false,,,,
1435,Gorne,false,Free Folk,,,
1436,Grazdan,false,Astapori,,"""In 299 AC",
1437,Grazdan mo Ullhor,false,Astapori,,"""In 299 AC",
1438,Grazdan the Great,false,Ghiscari,,,
1439,Grazdan zo Galare,false,Meereenese,,,
1440,Grazdar zo Galare,false,Ghiscari,At Meereen,,
1441,Great Walrus,false,Free Folk,,,
1442,Gregor Clegane,false,,In 265 AC or 266 AC,In 300 AC,
1443,Gretchel,true,,,,
1444,Grey King,false,Ironborn,,"""",
1445,Grey Worm,false,,,,
1446,Griffin King,false,First Men,,,
1447,Grigg,false,Free Folk,,,
1448,Grisel,true,,,,
1449,Grisella,true,Free Folk,,,
1450,Groleo,false,Pentoshi,,"""In 300 AC",
1451,Grubbs,false,,,"""In 300 AC",
1452,Grunt,false,Northmen,,,
1453,Gueren,false,,,,
1454,Gulian,false,,,,
1455,Gunthor son of Gurn,false,,,,
1456,Gurn,false,Mountain clans,,,
1457,Guyne,false,,,,
1458,Gyldayn,false,,,,
1459,Gyleno Dothare,false,Braavosi,,,
1460,Gyloro Dothare,false,Braavosi,,,
1461,Gynir,false,,,"""In 299 AC",
1462,Haegon Blackfyre,false,Valyrian,In or between 189 AC and 193 AC,In 219 AC,
1463,Haggo,false,Dothraki,,"""In 298 AC",
1464,Haggon,false,Free Folk,,,
1465,Hairy Hal,false,,,"""In 300 AC",
1466,Hake,false,,,"""In 299 AC",
1467,Hal,false,,,In 299 AC,
1468,Halder,false,,In 281 AC or 282 AC,,
1469,Haldon,false,,,,
1470,Hali,true,Free Folk,,"""In 298 AC",
1471,Hallyne,false,,,,
1472,Hamish,false,,,"""In 300 AC",
1473,Harbert,false,,,,
1474,Hareth,false,,,,
1475,Hareth,false,,,,
1476,Harghaz,false,Ghiscari,,"""In 300 AC",
1477,Harle,false,Free Folk,,,
1478,Harle,false,Free Folk,,,
1479,Harma,true,Free Folk,,"""In 300 AC",
1480,Harmund Sharp,false,Ironborn,,,
1481,Harmune,false,,,,
1482,Harodon,false,,,,
1483,Harra,true,,,"""In 299 AC",
1484,Harrag Sharp,false,Ironborn,,"""In 299 AC",
1485,Harren Half-Hoare,false,Ironborn,,,
1486,Harry Sawyer,false,,,,
1487,Harsley,false,,,"""In 299 AC",
1488,Harwin,false,Northmen,In 271 AC or later,,
1489,Hayhead,false,Northmen,,,
1490,Hazrak zo Loraq,false,Ghiscari,,,
1491,Hazzea,true,Ghiscari,In 295 AC or 296 AC,"""In 300 AC",
1492,Heke,false,,,"""In 299 AC",
1493,Helliweg,false,,,,
1494,Helly,true,,,,
1495,Helya,true,,,,
1496,Hendry Bracken,false,,,"""In 299 AC",
1497,Henk,false,Free Folk,,,
1498,Henly,false,,,,
1499,Heward,false,Northmen,,"""In 298 AC",
1500,Hibald,false,,,,
1501,Hizdahr zo Loraq,false,Ghiscari,,,1303
1502,Hobb,false,,,,
1503,Hod,false,,,,
1504,Hoke,false,,,,
1505,Holger,false,,,,
1506,Holly,true,Free Folk,"""In 283 AC"," 284 AC or 285 AC""",
1507,Hop-Robin,false,,,,
1508,Hot Pie,false,,,,
1512,Howd,false,Free Folk,,,
1513,Hugh Hammer,false,,,"""In 130 AC",
1514,Hugor of the Hill,false,Andal,,,
1515,Hullen,false,Northmen,,"""In 298 AC",
1516,Humfrey Clifton,false,,,,
1517,Hunnimore,false,,,,
1518,Husband,false,,,,1941
1519,Iggo,false,Dothraki,,"""In 299 AC",
1520,Illyrio Mopatis,false,Pentoshi,At Pentos,,1521
1521,Illyrio's first wife,true,Pentoshi,At Pentos,At Pentos,1520
1522,Ironbelly,false,,,,
1523,Irri,true,Dothraki,In 283 AC or 284 AC,,
1524,Ithoke,false,Ghiscari,,,
1525,Jack,false,,,,
1526,Jacks,false,,,,
1527,Jaehaera Targaryen,true,Valyrian,In 123 AC,"""In 133 AC",
1528,Jaehaerys Targaryen,false,,In 123 AC,"""In 129 AC",
1529,Jafer Flowers,false,,,"""In 298 AC",
1530,Jaggot,false,,,,
1531,Jalabhar Xho,false,Summer Isles,,,
1532,Jaqen H'ghar,false,,,,
1533,Jarl,false,Free Folk,,"""In 299 AC",
1534,Jate,false,,,"""In 300 AC",
1535,Jate Blackberry,false,,,,
1536,Jayde,true,,,,
1537,Jayne Bracken,true,,,,
1538,Jenny,true,,,At King's Landing,
1539,Jenny of Oldstones,true,,,,330
1540,Jeren,false,,,,
1541,Jeyne,true,Braavosi,,,
1542,Jeyne,true,,,,
1543,Jeyne Heddle,true,,In 281 AC or 282 AC,,
1544,Jeyne Rivers,true,,,,
1545,Jeyne Waters,true,Westeros,In or between 171 AC and 176 AC,,
1546,Jezhene,true,Ghiscari,At Meereen,,
1547,Jhaqo,false,Dothraki,,,
1548,Jhiqui,true,Dothraki,In 284 AC,,
1549,Jhogo,false,Dothraki,"""In or between 281 AC and 283 AC"," at Dothraki sea""",
1550,Jodge,false,,,,
1551,Jommo,false,Dothraki,,,
1552,Jommy,false,,,,
1553,Jon Cupps,false,,,,634
1554,Jon Heddle,false,,,,
1555,Jon Penny,false,,,,
1556,Jon Pox,false,,,At Stepstones,
1557,Jon Vance,false,,,,
1558,Jon Waters,false,,In or between 171 AC and 176 AC,,
1559,Jonos Bracken,false,,At Stone Hedge,,
1560,Jorah Mormont,false,Northmen,In 254 AC (roughly),,
1561,Joramun,false,Free Folk,,,
1562,Jorgen,false,,,,
1563,Jorquen,false,,,,
1564,Joseran,false,,,,
1565,Joseth,false,,,,
1566,Joss,false,,,,
1567,Joss,false,Braavosi,,,
1568,Joss Stilwood,false,,,,
1569,Joth Quickbow,false,,,At riverlands,
1570,Joy Hill,true,,In 288 AC,,
1571,Jurne,false,,,,
1572,Jyana,true,Crannogmen,,,506
1573,Jyck,false,,,"""In 298 AC",
1574,Jynessa Blackmont,true,Dornish,,,
1575,Jyzene,true,,,,
1576,Kaeth,false,,"""At 175 AC"," 176 AC or 177 AC""",
1577,Karl,false,,,"""In 300 AC",
1578,Kedge Whiteye,false,,In or between 251 AC and 260 AC,,
1579,Kedry,false,,,"""In 300 AC",
1580,Kegs,false,,,,
1581,Kella,true,,,,
1582,Kemmett Pyke,false,Ironborn,,,
1583,Kenned,false,Ironborn,,"""In 299 AC",
1584,Kennos of Kayce,false,,,,
1585,Ketter,false,,,,
1586,Kezmya,true,Ghiscari,At Meereen,,
1587,Khorane Sathmantes,false,Lysene,,,
1588,Khrazz,false,Ghiscari,In 277 AC (roughly),"""In 300 AC",
1589,Kiera of Tyrosh,true,Tyroshi,,,1067
1590,Kindly Man,false,Braavosi,,,
1591,Kirby Pimm,false,,,,
1592,Kojja Mo,true,Summer Isles,,,
1593,Koss,false,,,"""In 299 AC",
1594,Kraznys mo Nakloz,false,Astapori,,"""In 299 AC",
1595,Kromm,false,Ironborn,At Iron Islands,"""In 299 AC",
1596,Kurleket,false,,,"""In 298 AC",
1597,Kurz,false,,,"""In 299 AC",
1598,Kyle,false,,,,
1599,Kyle,false,,,"""In 299 AC",
1600,Kyleg,false,Free Folk,,,
1601,Kym,false,,,,
1602,Kyra,true,,"""In 280 AC or 281 AC"," at Winter Town""",
1603,Lady of the Leaves,true,,,,
1604,Lanna,true,,In 285 AC or 286 AC,,
1605,Lanna,true,Braavosi,In 286 AC,,
1606,Lark,false,Sistermen,,"""In 299 AC",
1607,Larra Blackmont,true,Dornish,,,
1608,Larra Rogare,true,Lysene,"""In 115 AC"," at Lys""",
1609,Larraq,false,Ghiscari,,,
1610,Layna,true,,In or between 279 AC and 285 AC,,
1611,Leathers,false,Free Folk,In 259 AC or before,,
1612,Left Hand Lew,false,,,,
1613,Lem,false,,,,
1614,Lem,false,,In or around 161 AC,,
1615,Lenn,false,Free Folk,,,
1616,Lennocks,false,,,,
1617,Lenyl,false,Free Folk,,,
1618,Leonette Fossoway,true,,,,401
1619,Lester,false,,,,
1620,Lew,false,Northmen,,,
1621,Lew,false,,,,
1622,Lewis Lanster,false,,At Westeros,,
1623,Lewys,false,,,,
1624,Lharys,false,,,"""In 298 AC",
1625,Lister,false,,,,
1626,Lommy,false,,,"""In 299 AC",
1627,Lomys,false,,,,
1628,Lorcas,false,,In 241 AC or before,,
1629,Lord Belgrave,false,,,,
1630,Lord of Bones,false,Free Folk,,"""In 300 AC",
1631,Loren I Lannister,false,,,,
1632,Loreza Sand,true,Dornish,In 293 AC,,
1633,Lorimer,false,,,"""In 298 AC",
1634,Lormelle,false,,,,
1635,Lorren,false,,,"""In 299 AC",
1636,Lothar,false,,,,
1637,Lotho Lornel,false,Braavosi,,,
1638,Lucan,false,,,"""In 299 AC",
1639,Lucantine Woodwright,false,,,,
1640,Lucas Blackwood,false,,,"""In 299 AC",
1641,Lucas Nayland,false,,,,
1642,Lucifer Hardy,false,,,,
1643,Luco Prestayn,false,Braavosi,,,
1644,Lucos,false,,,,
1645,Luke,false,,,,
1646,Luke,false,,At Longtown,,
1647,Lum,false,,,,
1648,Luton,false,Northmen,,"""In 300 AC",
1649,Luwin,false,Westeros,,"""In 299 AC",
1650,Lyanna Stark,true,Northmen,In 266 AC or 267 AC,"""In 283 AC",
1651,Lync,false,,,,
1652,Lyonel,false,,,,
1653,Lysono Maar,false,Lysene,At Lys,,
1654,Mad Huntsman,false,,,,
1655,Maddy,true,,,,
1656,Maerie,true,,,At Riverlands,
1657,Maerie,true,,,"""In 299 AC",
1658,Mag Mar Tun Doh Weg,false,,At Beyond the Wall,"""In 300 AC",
1659,Maggy,true,,,,
1660,Mago,false,Dothraki,,,
1661,Malcolm,false,,,,
1662,Malleon,false,,,,
1663,Malliard,false,,,,
1664,Mallor,false,,,,
1665,Mallor,false,,,,
1666,Mance Rayder,false,Free folk,""""," at Beyond the Wall""",
1667,Marei,true,,In 280 AC or before,,
1668,Marghaz zo Loraq,false,Ghiscari,At Meereen,,
1669,Marianne Vance,true,,In or between 262 AC and 293 AC,,
1670,Marillion,false,,In 279 AC or 280 AC,"""In 300 AC",
1671,Maris,true,Free folk,,,
1672,Maris the Maid,true,,,,
1673,Marq Grafton,false,,,"""In 282 AC",
1674,Martyn Rivers,false,,,,
1675,Marwyn,false,,,,
1676,Marya Seaworth,true,,,,1319
1677,Masha Heddle,true,,,"""In 298 AC",
1678,Maslyn,false,,,"""In 299 AC",
1679,Mathos Mallarawan,false,Qartheen,,,
1680,Matrice,true,,,,
1681,Matt,false,,,At the Riverlands,
1682,Matthar,false,,,,
1683,Matthos Seaworth,false,,,"""In 299 AC",
1684,Mawney,false,,,"""In 300 AC",
1685,Maynard,false,,,,
1686,Mazdhan zo Loraq,false,Ghiscari,,,
1687,Mebble,false,,,,
1688,Medwick Tyrell,false,,,,
1689,Meg,true,,,,
1690,Megette,true,,,In 159 AC,
1691,Meha,true,Free Folk,,,
1692,Meizo Mahr,false,,,,
1693,Mela,true,,,,
1694,Melaquin,false,,,,
1695,Meliana,true,,,,
1696,Mellara Rivers,true,,,,
1697,Mellario,true,Norvoshi,In or between 248 AC and 263 AC,,326
1698,Mellei,true,,,,
1699,Mellos,false,,,,
1700,Melly,true,,,,
1701,Melwys Rivers,false,,,,
1702,Meralyn,false,Braavosi,,,
1703,Mero,false,Braavosi,,"""In 299 AC",
1704,Merrit,false,,,,
1705,Mezzara,true,Ghiscari,At Meereen,,
1706,Mikken,false,Northmen,,"""In 299 AC",
1707,Miklaz,false,Ghiscari,At Meereen,,
1708,Mirri Maz Duur,true,Lhazareen,"""In 257 AC"," 258 AC or 259 AC","""In 299 AC"
1709,Missandei,true,Naathi,"""In 288 AC or 289 AC"," at Naath""",
1710,Mohor,false,,,"""In 298 AC",
1711,Mollander,false,,,,
1712,Mollos,false,,,,
1713,Moon Boy,false,,,,
1714,Moonshadow,true,,,,
1715,Mord,false,,,,
1716,Moredo Prestayn,false,Braavosi,,,
1717,Moreo Tumitis,false,,In 268 AC or before,,
1718,Morgan Martell,false,Andal,,,
1719,Morgarth,false,,,,
1720,Morna White Mask,true,Free Folk,,,
1721,Moro,false,Dothraki,,,
1722,Morosh the Myrman,false,Myrish,,,
1723,Morra,true,,,,
1724,Morrec,false,,,"""In 298 AC",
1725,Mors Martell,false,Dornish,,,782
1726,Mortimer Boggs,false,,,,
1727,Morton Waynwood,false,,,,
1728,Mother Mole,true,Free Folk,,,
1729,Mudge,false,,,,
1730,Mudge,false,,,At Donnelwood,
1731,Mudge,false,,,,
1732,Mullin,false,,,,
1733,Mully,false,,,,
1734,Munciter,false,,,,
1735,Munda,true,Free Folk,,,1917
1736,Murch,false,,,,
1737,Murch,false,Northmen,,,
1738,Murenmure,false,,,,
1739,Mushroom,false,,,In or after 136AC,
1740,Muttering Bill,false,,,"""In 300 AC",
1741,Mya Stone,true,,"""In 279 AC or 280 AC"," at The Vale of Arryn""",
1742,Mycah,false,Westeros,In 285 AC,"""In 298 AC",
1743,Myles,false,,,,
1744,Myles,false,,,"""In 299 AC",
1745,Myrtle,true,Free Folk,,"""In 300 AC",
1746,Mysaria,true,Lysene," the White Worm""",At Lys,
1747,Nage,false,,,,
1748,Nail,false,,,,
1749,Nan,true,,,,
1750,Narbert,false,,,,
1751,Narbo,false,Braavosi,,,
1752,Ned,false,,,,
1753,Ned Woods,false,Northmen,,,
1754,Nella,true,Free Folk,,,1293
1755,Nestor Royce,false,,,,
1756,Nettles,true,,In 113 AC,,
1757,Nissa Nissa,true,,,,1179
1758,Noho Dimittis,false,Braavosi,,,
1759,Nolla,true,,,At Riverlands,
1760,Norjen,false,Ironborn,,,
1761,Normund Tyrell,false,,,,
1762,Norne Goodbrother,false,Ironborn,,,
1763,Norren,false,,,,
1764,Notch,false,,,,
1765,Nute,false,Ironborn,,,
1766,Nymeria Sand,true,Dornish,In 274 AC or 275 AC,,
1767,Nymos,false,,,,
1768,Obara Sand,true,Dornish,"""In 271 AC or 272 AC"," at Oldtown""",
1769,Obella Sand,true,Dornish,In 287 AC or 288 AC,,
1770,Oberyn Nymeros Martell,false,Dornish,In 257 AC or 258 AC,"""In 300 AC",
1771,Ocley,false,,,,
1772,Ogo,false,Dothraki,,"""In 298 AC",
1773,Old Grey Gull,true,Ironborn,,,
1774,Old Henly,true,,In or between 220 AC and 280 AC,"""In 299 AC",
1775,Old Tattersalt,true,,,,
1776,Ollo,false,Tyroshi,,"""In 300 AC",
1777,Omer Blackberry,false,,,,
1778,Omer Florent,false,,,,
1779,Orbelo,false,Braavosi,,,
1780,Ordello,false,Pentoshi,,"""In 299 AC",
1781,Orell,false,Free Folk,,"""In 299 AC",
1782,Orland of Oldtown,false,,,,
1783,Ormond,false,,,"""In 299 AC",
1784,Oro Tendyris,false,Braavosi,,,
1785,Orphan Oss,false,,,"""In 300 AC",
1786,Orwyle,false,,,,
1787,Osha,true,Free Folk,,,
1788,Ossy,false,,,,
1789,Oswyn,false,,,,
1790,Othor,false,,,"""In 298 AC",
1791,Otter Gimpknee,,,,,
1792,Ottomore,false,,,,
1793,Owen,false,,,At Stepstones,
1794,Owen,false,,,,
1795,Oznak zo Pahl,false,Meereenese,,"""In 299 AC",
1796,Palla,true,Northmen,,,
1797,Patchface,false,,,,
1798,Pate,false,,In 291 AC or 292 AC,,
1799,Pate,false,,,"""In 299 AC",
1800,Pate,false,,,At Riverlands,
1801,Pate,false,,,"""In 209 AC",
1802,Pate,false,,,,
1803,Pate,false,,In or between 161 AC and 181 AC,,
1804,Pate of Lancewood,false,,,At the Riverlands,
1805,Pate of Mory,false,,,At the Riverlands,
1806,Pate of Shermer's Grove,false,,,At the Riverlands,
1807,Patrek Vance,false,,In or between 264 AC and 294 AC,,
1808,Pello of Tyrosh,false,Tyroshi,,,
1809,Penny,true,,"""In 281 AC"," 282 AC or 283 AC""",
1810,Perros Blackmont,false,Dornish,,,
1811,Pia,true,,At Harrenhal,,
1812,Plummer,false,,,,
1813,Pollitor,false,,,,
1814,Polliver,false,,,"""In 300 AC",
1815,Pono,false,Dothraki,,,
1816,Porther,false,Northmen,,,
1817,Portifer Woodwright,false,,,,
1818,Poul Pemford,false,,,"""In 299 AC",
1819,Poxy Tym,false,Northmen,,"""In 299 AC",
1820,Praed,false,,,"""In 299 AC",
1821,Prendahl na Ghezn,false,Ghiscari,,"""In 299 AC",
1822,Puckens,false,,,,
1823,Pudding,false,,,,
1824,Puddingfoot,false,,,,
1825,Pyat Pree,false,,,,
1826,Pycelle,false,,In 216 AC,"""In 300 AC",
1827,Pyg,false,,,"""In 300 AC",
1828,Pylos,false,,In 273 AC or 274 AC,,
1829,Qalen,false,,,In before 299,
1830,Qarl,false,Ironborn,,,
1831,Qarl,false,Ironborn,,,
1832,Qarl,false,Ironborn,,,
1833,Qarl Correy,false,,,,
1834,Qarl Shepherd,false,Ironborn,,,
1835,Qarro Volentin,false,Braavosi,,,
1836,Qezza,true,Ghiscari,At Meereen,,
1837,Qos,false,,,,
1838,Qotho,false,Dothraki,,"""In 298 AC",
1839,Quaithe,true,Asshai,,,
1840,Quaro,false,Dothraki,,"""In 298 AC",
1841,Quellon Humble,false,Ironborn,,,
1842,Quence,false,Braavosi,,,
1843,Quent,false,Northmen,,,
1844,Quhuru Mo,false,Summer Isles,,,
1845,Quill,false,Braavosi,,,
1846,Quincy Cox,false,,,,
1847,Quort,false,,In or between 285 AC and 287 AC,"""In +/-299 AC",
1848,Qyburn,false,,In 217AC or after,,
1849,Qyle,false,,,"""In 299 AC",
1850,Racallio Ryndoon,false,Tyroshi,,,
1851,Rafe,false,,,,
1852,Rafford,false,,,"""In 300 AC",
1853,Ragnor Pyke,false,Ironborn,,,
1854,Ragwyle,false,Free folk,,,
1855,Rainbow Knight,false,,,,
1856,Rakharo,false,Dothraki,,,
1857,Ralf,false,Ironborn,,,
1858,Ralf,false,Ironborn,,,
1859,Ralf the Limper,false,Ironborn,,,
1860,Randa,true,,,At the Riverlands,
1861,Rast,false,,,"""In +/- 299 AC",
1862,Rat Cook,false,,,,
1863,Rawney,false,,,,
1864,Raymar Royce,false,,,,
1865,Raymond Nayland,false,,,,
1866,Raymun Redbeard,false,Free Folk,,"""In 226 AC",
1867,Red Lamb,false,Lhazareen,,,
1868,Red Oarsman,false,Ironborn,,,
1869,Redtusk,false,,,,
1870,Rennifer Longwaters,false,,,,
1871,Reysen,false,,,,
1872,Reznak mo Reznak,false,Ghiscari,At Meereen,,
1873,Rhaego,false,,"""In 298 AC"," at Dothraki Sea""",
1874,Rhaenys Targaryen,true,Valyrian,"""In 25BC or 26BC"," at Dragonstone""",
1875,Rhogoro,false,Dothraki,,,
1876,Ricasso,false,,,,
1877,Richard Farrow,false,,,"""In 299 AC",
1878,Rigney,false,,,,
1879,Rob,false,,,,
1880,Robb Stark,false,,"""283 AC"," at Riverrun""",339
1881,Robin,false,,,At Stepstones,
1882,Robin Flint,false,,,"""In 299 AC",
1883,Robin Potter,false,,,,
1884,Rodrik Arryn,false,,,,265
1885,Rodrik Flint,false,,,,
1886,Rodrik Freeborn,false,Ironborn,,,
1887,Roger Hogg,false,,,,
1888,Roger Ryswell,false,Northmen,,,
1889,Roger of Pennytree,false,,At Pennytree,"""In 194 AC",
1890,Roggo,false,Braavosi,,,
1891,Rohanne Webber,true,,In 185 AC or 186 AC,,982
1892,Rolder,false,,,,
1893,Rolfe,false,,,"""In 299 AC",
1894,Rolfe,false,,,,
1895,Rolland Longthorpe,false,,,,
1896,Rolley of Sisterton,false,Sistermen,At Sisterton,"""In 299 AC",
1897,Rolly Duckfield,false,,At Bitterbridge,,
1898,Romny Weaver,false,Ironborn,,,
1899,Ronald Storm,false,,,,
1900,Ronel Rivers,false,,,,
1901,Roone,false,,In 286 AC,,
1902,Roone,false,,,,
1903,Rorge,false,,,"""In 300 AC",
1904,Roro Uhoris,false,Tyroshi,,At Eastwatch-by-the-sea,
1905,Rose of Red Lake,false,,,,
1906,Rosey,true,,"""In 284 AC or 285 AC"," at Oldtown""",
1907,Rowan,false,Free folk,,"""In 300 AC",
1908,Rowan Gold-Tree,false,,,,
1909,Rudge,false,,,,
1910,Rufus Leek,false,,,,
1911,Rugen,false,,,,
1912,Runciter,false,,,In 112 AC,
1913,Rus,false,Ironborn,,,
1914,Rusty Flowers,false,,,,
1915,Ryam,false,,,,
1916,Ryger Rivers,false,,,,
1917,Ryk,false,Free Folk,,,1735
1918,Ryles,false,,,"""In +/- 299 AC",
1919,Rymolf,false,Ironborn,,,
1920,Rymund,false,,,,
1921,Ryn,false,,,At the Riverlands,
1922,Ryon Allyrion,false,Dornish,,,1129
1923,S'vrone,true,Braavosi,,,
1924,Saathos,false,,,,
1925,Salladhor Saan,false,Lysene,,,
1926,Sallor,false,Qartheen,,"""In +/- 299 AC",
1927,Salloreon,false,,,,
1928,Sam Stoops,false,,,,
1929,Samwell Stone,false,,,,
1930,Sarella Sand,true,Dornish,In 280 AC or 281 AC,,
1931,Satin,false,,"""In 280 AC or 281 AC"," at Oldtown""",
1932,Sawwood,false,,,,
1933,Scarb,false,,,At Meereen,
1934,Sedgekins,false,,,,
1935,Selyse Florent,true,,,,1963
1936,Senelle,true,,,In 300 AC,
1937,Serra,true,Lysene,,At Pentos,1520
1938,Shae,true,,In 280 AC or 281 AC,"""In 300 AC",
1939,"""Shagga"," son of Dolf""",false,,,
1940,Shagwell,false,,,"""In 300 AC",
1941,Sharna,true,,,,1518
1942,Shella,true,,,,
1943,Sherrit,false,,,,
1944,Shiera Seastar,true,Westeros,In or between 178 AC and 184 AC,,
1945,Shortear,false,,,,
1946,Shyra,true,Northmen,,,
1947,Sigrin,false,Ironborn,,,
1948,Skahaz mo Kandaq,false,Ghiscari,At Meereen,,
1949,Skinner,false,,,,
1950,Skittrick,false,Northmen,,,
1951,Sky Blue Su,true,,,,
1952,Skyte,false,Ironborn,,,
1953,Sloey,true,Braavosi,,,
1954,Small Paul,false,,,"""In 299 AC",
1955,Softfoot,false,,,"""In 299 AC",
1956,Soren,false,Free Folk,,,
1957,Spare Boot,false,,,,
1958,Spotted Cat,false,Ghiscari,,,
1959,Spotted Pate,false,,,"""In 299 AC",
1960,Squint,false,,,"""In 299 AC",
1961,Squirrel,true,Free Folk,At Beyond the Wall,"""In 300 AC",
1962,Stalwart Shield,false,,,"""In 300 AC",
1963,Stannis Baratheon,false,,264 AC,,1935
1964,Stannis Seaworth,false,,In 289 AC or 290 AC,,
1965,Steeelskin,false,Ghiscari,,,
1966,Steely Pate,false,,,,
1967,Steffon Seaworth,false,,In 293 AC,,
1968,Stiv,false,Free Folk,,"""In 298 AC",
1969,Stone Thumbs,false,Free Folk,,"""In 299 AC",
1970,Stonehand,false,Ironborn,,,
1971,Stygg,false,,,,
1972,Styr,false,Free Folk,,"""In 300 AC",
1973,Sybassion,false,Qartheen," the Eater of Eyes""",,
1974,Sylas,false,,,In 294 AC,
1975,Sylas Flatnose,false,Ironborn,,,
1976,Symeon Star-Eyes,false,,,,
1977,Symon,false,,,"""In 299 AC",
1978,Symon Stripeback,false,,,,
1979,Syrio Forel,false,Braavosi,At Braavos,"""In 298 AC",
1980,Tagganaro,false,Braavosi,,,
1981,Tal Toraq,false,Summer Isles,,,
1982,Talea,true,Braavosi,,,
1983,Tanselle,true,Dornish,,,
1984,Tansy,true,,,,
1985,Tansy,true,,,,
1986,Tarber,false,,,,
1987,Tarle,false,Ironborn,,,
1988,Temmo,false,Dothraki,In Century of Blood,"""In Century of Blood",
1989,Teora Kyndall,true,,,In 212 AC,1048
1990,Ternesio Terys,false,Braavosi,,,
1991,Terro,false,Braavosi,,,
1992,The Nightingale,true,,,,
1993,The Smiling Knight,true,,,,
1994,The Tickler,true,,,"""In 300 AC",
1996,The Weeper,true,Free Folk,,,
1997,Theo Frey,false,,,,
1998,Theobald,false,,,,
1999,Theomore Lannister,false,,At Lannisport,,
2000,Thistle,true,Free Folk,,"""In 300 AC",
2001,Thormor Ironmaker,false,Ironborn,,,
2002,Thoros of Myr,false,Myrish,,,
2003,Three Toes,false,,,,
2004,Three-Tooth,true,Ironborn,,,
2005,Tim Stone,false,,,,
2006,Tim Tangletongue,false,,,,
2007,Timeon,false,Dornish,At Dorne,"""In 300 AC",
2008,Timett,false,Mountain clans,,,
2009,"""Timett"," son of Timett""",false,Timett One-Eye,In or between 278 AC and 282 AC,
2010,Timon,false,,,,
2011,Timoth,false,,,,
2012,Tobbot,false,,,,
2013,Tobho Mott,false,Qohor,,,
2014,Todder,false,,,,
2015,Todric,false,,,"""In 299 AC",
2016,Toefinger,false,Free Folk,,,
2017,Togg Joth,false,Ibbenese,,,
2018,Tom of Sevenstreams,false,,In or between 240 AC and 249 AC,,
2019,TomToo,false,Northmen,,,
2020,Tomard,false,Northmen,In or between 249 AC and 253 AC,"""In 298 AC",
2021,Tommard Heddle,false,,,"""In 211 AC",
2022,Toregg,false,Free Folk,,,
2023,Torghen Flint,false,Northern mountain clans,,,
2024,Tormund,false,Free Folk,,,
2025,Torrek,false,,,,
2026,Torwold,false,Ironborn,,,
2027,Torwynd,false,Free Folk,,In 300 AC,
2028,Tothmure,false,,,"""In 299 AC",
2029,Tregar,false,,,"""In 298 AC",
2030,Tregar Ormollen,false,Lysene,,,
2031,Tristimun,false,,,,
2032,Triston,false,,,,
2033,Triston Farwynd,false,Ironborn,,,
2034,Tuffleberry,false,,,,
2035,Tumberjon,false,,,,
2036,Tumco Lho,false,Ghiscari,At Basilisk Isles,,
2037,Turnip,true,Northmen,,,
2038,Turquin,false,,,,
2039,Tybero Istarion,false,,,,
2040,Tycho Nestoris,false,Braavosi,,,
2041,Tyene Sand,true,Dornish,In 276 AC or 277 AC,,
2042,Tymor,false,,,,
2043,Tyrion Tanner,false,,"""In 300 AC"," at Stokeworth""",
2044,Tysha,true,,In 271 AC or 272 AC,,1052
2045,Tytos Blackwood,false,,At Raventree Hall,,
2046,Ulf,false,Ironborn,,"""In 299 AC",
2047,Ulf son of Umar,false,Mountain clans,,"""In 298 AC",
2048,Ulf the White,false,,,"""In 130 AC",
2049,Uller,false,Ironborn,,,
2050,Ulmer,false,,,,
2051,Umar,false,Mountain clans,,,
2052,Umfred,false,,,,
2053,Umma,true,,,,
2054,Unknown,false,Westeros,In 195 AC or 196 AC,,113
2055,Urek Ironmaker,false,Ironborn,,,
2056,Urras Greyiron,false,,""""," at Orkmont""",
2057,Urrathon,false,Qartheen,,,
2058,Urreg,false,,,,
2059,Urron Greyiron,false,Ironborn,,,
2060,Urswyck,false,,,,
2061,Urzen,false,Ironborn,,,
2062,Uthor of the High Tower,false,,,,1672
2063,Utt,false,,,"""In 299 AC",
2064,Vaellyn,false,,,,
2065,Val,true,Free Folk,,,
2066,Varamyr,false,Free Folk,At a village Beyond the Wall,"""In 300 AC",
2067,Vargo Hoat,false,Qohor,,"""In 300 AC",
2068,Varly,false,Northmen,,"""In 298 AC",
2069,Varys,false,,At Lys,,
2070,Violet,true,,,,
2071,Visenya Targaryen,true,Valyrian,"""In 28BC or 29BC"," at Dragonstone""",
2072,Vylarr,false,,,,
2073,Vyman,false,,,,
2074,Walder Vance,false,,In or between 263 AC and 291 AC,,
2075,Walgrave,false,,,,
2076,Wallen,false,,,"""In 298 AC",
2077,Walton,false,,,,
2078,Walys Flowers,false,Reach,,In before 283 AC,
2079,Wat,false,,,,
2080,Wat,false,,,,
2081,Wat,false,,,,
2082,Wat,false,,,,
2083,Wat,false,,,,
2084,Wat,false,,,,
2085,Wat,false,,,,
2086,Wate,false,,,,
2087,Watt,false,,,"""In 299 AC",
2088,Watty,false,,,,
2089,Wayn,false,Northmen,,,
2090,Weasel,true,,In 296 AC or 297 AC,,
2091,Weese,false,,,"""In 299 AC",
2092,Wenda,true,,,,
2093,Wendamyr,false,,,,
2094,Wendell Webber,false,,,,
2095,Wendello Qar Deeth,false,Qartheen,,,
2096,Werlag,false,Ironborn,,,
2097,Wex Pyke,false,Ironborn,In 286 AC,,
2098,Wilbert,false,,,In 298 AC,
2099,Will,false,,,At Riverlands,
2100,Will,false,,,In 299 AC,
2101,Will,false,,,,
2102,Will,false,,,,
2103,Will,false,,,,
2104,Will,false,,,"""In 299 AC",
2105,Will,false,,,,
2106,Will Humble,false,Ironborn,,,
2107,Willam,false,,,At Stepstones,
2108,Willam Wells,false,Dornish,,"""In 300 AC",
2109,Willamen Frey,false,,In or between 272 AC and 280 AC,,
2110,Willifer,false,,,,
2111,Willit,false,,,,
2112,Willow,true,Free Folk,,"""In 300 AC",
2113,Willow Heddle,true,,In 289 AC or 290 AC,,
2114,Willum,false,,,,
2115,Wolmer,false,,,,
2116,Woth,false,,,"""In 299 AC",
2117,Wulfe,false,Ironborn,,,
2118,Wun Weg Wun Dar Wun,false,,At Beyond the Wall,,
2119,Wyl,false,Northmen,,"""In 298 AC",
2120,Wyl,false,,,At Riverlands,
2121,Wylla,true,,,,
2122,Xaro Xhoan Daxos,false,Qartheen,,,
2123,Xhondo,false,Summer Isles,,,
2124,Yandry,false,,,,2132
2125,Ygon,false,Free Folk,,,
2126,Ygritte,true,Free Folk,In 280 AC,"""In 299 AC",
2127,Yna,true,,,,
2128,Yorkel,false,,,,
2129,Yorko Terys,false,Braavosi,,,
2130,Yormwell,false,,,,
2131,Young Henly,false,,In or between 240 AC and 248 AC,"""In 299 AC",
2132,Ysilla,true,,,,2124
2133,Zarabelo,false,,,,
2134,Zei,true,,,,
2135,Zekko,false,Dothraki,,,
2136,Zharaq zo Loraq,false,Ghiscari,,,
2137,Zollo,false,Dothraki,,,
2138,Criston Cole,false,Stormlands,"""In 82 AC"," at Blackhaven""",